timestamp,first_time_response,watched_disney,pre_willingness,noticed_diversity,accept_diversity,resist_diversity,upset_diversity,diversity_better,spend_diversity,picture_match,casting_upset,discuss_picture,watch_willingness,spend_willingness,social_like,top_factor_1,top_factor_2,top_factor_3,observe_reviews,post_comment_willingness,age,gender,nationality,education,social_media_platform,email,feedback,skin_condition
2023-05-22 12:06:00.881,是 Yes,1.0,3,1.0,3.0,4.0,4.0,5.0,2.0,4.0,2.0,3.0,4.0,4.0,4.0,原著卡通的還原度 How matches with the original cartoon,演員的天賦（如：唱歌）Actor/actress’s talent(e.g. singing),網路聲量/口碑 Word of mouth,4.0,-3,21.0,男性 Male,台灣,大學/專科 Bachelor degree,"Twitter, Facebook, Instagram",gibson121123@gmail.com,,White
2023-05-22 12:09:19.350,是 Yes,1.0,3,1.0,4.0,1.0,3.0,5.0,3.0,5.0,2.0,3.0,4.0,4.0,4.0,原著卡通的還原度 How matches with the original cartoon,網路聲量/口碑 Word of mouth,原著劇情 Original story plot,4.0,2,19.0,女性 Female,臺灣,大學/專科 Bachelor degree,Instagram,a102032212@gmail.com,加油⛽️,White
2023-05-22 12:12:04.156,是 Yes,1.0,1,1.0,5.0,1.0,1.0,4.0,5.0,4.0,2.0,3.0,3.0,3.0,3.0,原著卡通的還原度 How matches with the original cartoon,演員的天賦（如：唱歌）Actor/actress’s talent(e.g. singing),原著劇情 Original story plot,3.0,1,22.0,男性 Male,台灣,大學/專科 Bachelor degree,"Dcard, Facebook, Instagram, TikTok",lololo22207@gmail.com,很棒,White
2023-05-22 12:21:33.511,是 Yes,1.0,2,1.0,3.0,3.0,2.0,4.0,3.0,4.0,2.0,3.0,4.0,4.0,3.0,演員的天賦（如：唱歌）Actor/actress’s talent(e.g. singing),網路聲量/口碑 Word of mouth,原著卡通的還原度 How matches with the original cartoon,4.0,2,21.0,女性 Female,台灣,大學/專科 Bachelor degree,"Dcard, Facebook, Instagram",ynps0420@gmail.com,,White
2023-05-22 12:29:38.945,是 Yes,1.0,3,1.0,3.0,2.0,2.0,4.0,3.0,4.0,2.0,3.0,3.0,3.0,3.0,原著卡通的還原度 How matches with the original cartoon,原著劇情 Original story plot,網路聲量/口碑 Word of mouth,4.0,-1,20.0,女性 Female,台灣,大學/專科 Bachelor degree,"Twitter, Dcard, Instagram",rachel092212@gmail.com,,White
2023-05-22 12:35:43.490,是 Yes,1.0,1,1.0,5.0,2.0,2.0,4.0,3.0,4.0,2.0,4.0,3.0,3.0,3.0,原著卡通的還原度 How matches with the original cartoon,演員的美貌 Actor/actress’s beauty,網路聲量/口碑 Word of mouth,4.0,-4,19.0,女性 Female,台灣,大學/專科 Bachelor degree,"Dcard, Facebook, Instagram",teng963852741@gmail.com,,White
2023-05-22 12:36:51.928,是 Yes,1.0,4,1.0,5.0,1.0,1.0,5.0,3.0,4.0,1.0,3.0,3.0,3.0,3.0,原著劇情 Original story plot,親友推薦 Recommendations from friends,網路聲量/口碑 Word of mouth,1.0,4,23.0,女性 Female,German,大學/專科 Bachelor degree,Instagram,map.stein2000@googlemail.com,"
",White
2023-05-22 12:42:30.231,是 Yes,1.0,-5,1.0,2.0,4.0,5.0,5.0,1.0,4.0,1.0,4.0,4.0,4.0,4.0,原著劇情 Original story plot,演員的美貌 Actor/actress’s beauty,原著卡通的還原度 How matches with the original cartoon,4.0,-5,19.0,女性 Female,台灣,大學/專科 Bachelor degree,Instagram,111509318@g.nccu.edu.tw,,White
2023-05-22 12:42:31.168,是 Yes,1.0,2,1.0,2.0,2.0,4.0,5.0,1.0,4.0,1.0,2.0,4.0,3.0,4.0,演員的知名度 Actor/actress’s reputation,演員的美貌 Actor/actress’s beauty,原著劇情 Original story plot,3.0,-3,22.0,女性 Female,台灣,大學/專科 Bachelor degree,"Facebook, Instagram",111752026@nccu.edu.tw,,White
2023-05-22 12:47:33.293,是 Yes,1.0,3,1.0,3.0,2.0,2.0,3.0,3.0,3.0,3.0,3.0,3.0,3.0,3.0,原著劇情 Original story plot,原著卡通的還原度 How matches with the original cartoon,演員的美貌 Actor/actress’s beauty,3.0,3,22.0,女性 Female,台灣,大學/專科 Bachelor degree,"Dcard, Facebook",sandrachien0810@gmail.com,,White
2023-05-22 12:58:48.886,是 Yes,0.0,-5,1.0,1.0,5.0,5.0,1.0,1.0,5.0,1.0,5.0,5.0,5.0,5.0,原著卡通的還原度 How matches with the original cartoon,網路聲量/口碑 Word of mouth,原著劇情 Original story plot,5.0,2,22.0,男性 Male,中華民國,大學/專科 Bachelor degree,"Dcard, Instagram",alli551617@gmail.com,,White
2023-05-22 12:59:30.676,是 Yes,0.0,-5,1.0,4.0,2.0,2.0,3.0,1.0,3.0,1.0,3.0,1.0,1.0,4.0,我從來不觀看迪士尼電影 I never watch Disney movie,我從來不觀看迪士尼電影 I never watch Disney movie,我從來不觀看迪士尼電影 I never watch Disney movie,4.0,-5,21.0,女性 Female,台灣,大學/專科 Bachelor degree,Instagram,ng153240@gmail.com,,White
2023-05-22 12:59:54.871,是 Yes,1.0,5,1.0,5.0,1.0,1.0,5.0,5.0,3.0,3.0,3.0,3.0,3.0,3.0,演員的美貌 Actor/actress’s beauty,演員的知名度 Actor/actress’s reputation,原著劇情 Original story plot,4.0,4,56.0,男性 Male,台灣,大學/專科 Bachelor degree,Facebook,Jack570927@gmail.com,,White
2023-05-22 13:00:05.799,是 Yes,1.0,4,1.0,4.0,4.0,4.0,4.0,4.0,4.0,4.0,4.0,4.0,4.0,4.0,演員的美貌 Actor/actress’s beauty,原著卡通的還原度 How matches with the original cartoon,演員的膚色 Actor/actress’s skin color,4.0,3,30.0,女性 Female,台灣,高中 High school,"PTT, Facebook, Instagram",joihl329@gmail.com,中獎,White
2023-05-22 13:09:43.126,是 Yes,1.0,-5,1.0,1.0,3.0,5.0,5.0,1.0,3.0,1.0,3.0,4.0,4.0,4.0,原著卡通的還原度 How matches with the original cartoon,原著劇情 Original story plot,演員的美貌 Actor/actress’s beauty,4.0,1,18.0,男性 Male,中華民國,高中 High school,"Dcard, Facebook, Instagram",930823oepiwe@gmail.com,,White
2023-05-22 13:12:04.458,是 Yes,1.0,4,1.0,1.0,5.0,5.0,5.0,1.0,5.0,1.0,4.0,5.0,5.0,5.0,原著卡通的還原度 How matches with the original cartoon,原著劇情 Original story plot,演員的知名度 Actor/actress’s reputation,5.0,-5,21.0,女性 Female,台灣,大學/專科 Bachelor degree,"Dcard, Facebook, Instagram",yfes40328@gmail.com,,White
2023-05-22 13:16:38.363,是 Yes,1.0,-1,1.0,3.0,3.0,2.0,4.0,3.0,3.0,1.0,2.0,2.0,2.0,2.0,原著卡通的還原度 How matches with the original cartoon,網路聲量/口碑 Word of mouth,演員的知名度 Actor/actress’s reputation,4.0,1,22.0,女性 Female,台灣,大學/專科 Bachelor degree,"Dcard, Facebook, Instagram",hsu1746@gmail.com,,White
2023-05-22 13:16:50.536,是 Yes,1.0,-3,1.0,5.0,1.0,3.0,5.0,2.0,4.0,1.0,3.0,4.0,4.0,5.0,親友推薦 Recommendations from friends,網路聲量/口碑 Word of mouth,演員的天賦（如：唱歌）Actor/actress’s talent(e.g. singing),4.0,-3,22.0,女性 Female,臺灣,大學/專科 Bachelor degree,"Facebook, Instagram",sougo1314520@gmail.com,公主與青蛙不算是最近的作品吧？要舉例的話MOANA和ENCANDO才是近年較有話題的多元族群動畫電影？還是因為不夠黑？,White
2023-05-22 13:21:12.050,是 Yes,1.0,-3,1.0,2.0,4.0,4.0,4.0,2.0,5.0,2.0,4.0,4.0,4.0,4.0,原著卡通的還原度 How matches with the original cartoon,演員的天賦（如：唱歌）Actor/actress’s talent(e.g. singing),演員的知名度 Actor/actress’s reputation,4.0,3,20.0,女性 Female,Taiwan,高中 High school,"Dcard, Facebook, Instagram",crt920518@gmail.com,,White
2023-05-22 13:21:58.741,是 Yes,1.0,2,1.0,4.0,2.0,2.0,3.0,2.0,5.0,1.0,4.0,4.0,4.0,4.0,原著卡通的還原度 How matches with the original cartoon,原著劇情 Original story plot,演員的美貌 Actor/actress’s beauty,4.0,-2,22.0,女性 Female,ROC,大學/專科 Bachelor degree,"Dcard, Facebook, Instagram",catherine890926@gmail.com,,White
2023-05-22 13:22:38.302,是 Yes,1.0,-4,1.0,5.0,1.0,4.0,4.0,4.0,5.0,1.0,1.0,1.0,1.0,1.0,網路聲量/口碑 Word of mouth,親友推薦 Recommendations from friends,原著劇情 Original story plot,4.0,1,21.0,女性 Female,台灣,大學/專科 Bachelor degree,"Facebook, Instagram",etwwh2001@gmail.com,,White
2023-05-22 13:23:08.885,是 Yes,1.0,-3,1.0,3.0,3.0,3.0,4.0,3.0,4.0,2.0,4.0,4.0,4.0,4.0,原著卡通的還原度 How matches with the original cartoon,演員的知名度 Actor/actress’s reputation,演員的天賦（如：唱歌）Actor/actress’s talent(e.g. singing),4.0,-5,27.0,女性 Female,臺灣,大學/專科 Bachelor degree,"Dcard, PTT, Facebook, Instagram",eatice99@yahoo.com.tw,,White
2023-05-22 13:24:52.045,是 Yes,1.0,-3,1.0,3.0,3.0,3.0,4.0,3.0,4.0,2.0,4.0,4.0,4.0,4.0,原著卡通的還原度 How matches with the original cartoon,演員的知名度 Actor/actress’s reputation,演員的天賦（如：唱歌）Actor/actress’s talent(e.g. singing),4.0,-5,35.0,男性 Male,臺灣,大學/專科 Bachelor degree,"Dcard, PTT, Facebook, Instagram",sayanoyuki@yahoo.com.tw,,White
2023-05-22 13:26:57.047,是 Yes,1.0,5,1.0,4.0,2.0,1.0,5.0,3.0,5.0,1.0,5.0,5.0,5.0,5.0,原著卡通的還原度 How matches with the original cartoon,演員的美貌 Actor/actress’s beauty,演員的天賦（如：唱歌）Actor/actress’s talent(e.g. singing),5.0,3,20.0,女性 Female,ROC,大學/專科 Bachelor degree,"Dcard, Facebook, Instagram",110601069@g.nccu.edu.tw ,無,White
2023-05-22 13:33:25.590,是 Yes,1.0,4,1.0,3.0,3.0,3.0,3.0,2.0,4.0,1.0,3.0,3.0,2.0,3.0,原著卡通的還原度 How matches with the original cartoon,演員的天賦（如：唱歌）Actor/actress’s talent(e.g. singing),演員的美貌 Actor/actress’s beauty,3.0,1,23.0,女性 Female,臺灣,大學/專科 Bachelor degree,"Facebook, Instagram",Angela.kerai@gmail.com,,White
2023-05-22 13:34:30.826,是 Yes,1.0,3,1.0,5.0,2.0,1.0,3.0,3.0,5.0,3.0,4.0,4.0,5.0,5.0,演員的知名度 Actor/actress’s reputation,原著卡通的還原度 How matches with the original cartoon,網路聲量/口碑 Word of mouth,5.0,3,21.0,男性 Male,中華民國,大學/專科 Bachelor degree,"PTT, Facebook, Instagram",eugene.wug@gmail.com,,White
2023-05-22 13:34:37.903,是 Yes,1.0,2,1.0,3.0,4.0,4.0,5.0,1.0,5.0,1.0,3.0,5.0,5.0,5.0,原著卡通的還原度 How matches with the original cartoon,演員的美貌 Actor/actress’s beauty,演員的天賦（如：唱歌）Actor/actress’s talent(e.g. singing),4.0,-5,23.0,女性 Female,台灣,大學/專科 Bachelor degree,"Dcard, Facebook, Instagram",oreoamy55677@gmail.com,,White
2023-05-22 13:34:53.550,是 Yes,1.0,3,1.0,5.0,1.0,1.0,4.0,4.0,5.0,2.0,4.0,5.0,4.0,4.0,原著卡通的還原度 How matches with the original cartoon,網路聲量/口碑 Word of mouth,演員的知名度 Actor/actress’s reputation,3.0,3,19.0,女性 Female,台灣,大學/專科 Bachelor degree,Instagram,4B1D0060@stust.edu.tw,無,White
2023-05-22 13:35:04.973,是 Yes,1.0,5,1.0,5.0,4.0,4.0,5.0,1.0,4.0,1.0,4.0,5.0,5.0,3.0,原著劇情 Original story plot,原著卡通的還原度 How matches with the original cartoon,演員的美貌 Actor/actress’s beauty,4.0,-5,23.0,女性 Female,台灣,大學/專科 Bachelor degree,"Dcard, Facebook, Instagram",kailee7712@gmail.com,,White
2023-05-22 13:44:37.316,是 Yes,1.0,3,1.0,4.0,2.0,2.0,4.0,3.0,4.0,1.0,3.0,4.0,4.0,4.0,原著卡通的還原度 How matches with the original cartoon,演員的天賦（如：唱歌）Actor/actress’s talent(e.g. singing),原著劇情 Original story plot,3.0,-2,23.0,女性 Female,ROC,大學/專科 Bachelor degree,"Dcard, Instagram",tyngsyuan0401@gmail.com ,,White
2023-05-22 13:47:59.220,是 Yes,1.0,-5,1.0,2.0,4.0,3.0,5.0,1.0,5.0,1.0,4.0,4.0,2.0,4.0,原著卡通的還原度 How matches with the original cartoon,演員的天賦（如：唱歌）Actor/actress’s talent(e.g. singing),原著劇情 Original story plot,5.0,-4,21.0,女性 Female,Taiwan ,大學/專科 Bachelor degree,"Twitter, Dcard, Facebook, Instagram",mako900801@gmail.com,,White
2023-05-22 13:51:52.096,是 Yes,1.0,1,1.0,5.0,2.0,2.0,4.0,4.0,4.0,1.0,4.0,4.0,4.0,4.0,演員的知名度 Actor/actress’s reputation,演員的美貌 Actor/actress’s beauty,原著卡通的還原度 How matches with the original cartoon,5.0,2,30.0,男性 Male,台灣,研究所及以上 Master degree or above,"Dcard, Facebook, Instagram",shinwushen@gmail.com,無,White
2023-05-22 13:52:38.990,是 Yes,1.0,-3,1.0,5.0,1.0,3.0,5.0,2.0,4.0,1.0,3.0,4.0,4.0,4.0,原著卡通的還原度 How matches with the original cartoon,演員的天賦（如：唱歌）Actor/actress’s talent(e.g. singing),原著劇情 Original story plot,5.0,1,22.0,女性 Female,台灣,大學/專科 Bachelor degree,"Dcard, Facebook, Instagram",candynofood@gmail.com,無,White
2023-05-22 13:53:02.556,是 Yes,1.0,2,1.0,2.0,3.0,4.0,5.0,2.0,4.0,1.0,2.0,3.0,2.0,2.0,網路聲量/口碑 Word of mouth,演員的天賦（如：唱歌）Actor/actress’s talent(e.g. singing),演員的美貌 Actor/actress’s beauty,5.0,-1,22.0,女性 Female,Taiwan,大學/專科 Bachelor degree,"Dcard, Facebook, Instagram",chnuhsz@gmail.com,,White
2023-05-22 13:53:02.966,是 Yes,1.0,4,1.0,4.0,2.0,2.0,5.0,3.0,5.0,2.0,4.0,4.0,4.0,4.0,原著劇情 Original story plot,原著卡通的還原度 How matches with the original cartoon,演員的知名度 Actor/actress’s reputation,4.0,-2,19.0,女性 Female,臺灣,大學/專科 Bachelor degree,"Dcard, Instagram",110205041@g.nccu.edu.tw,,White
2023-05-22 13:55:13.303,是 Yes,1.0,3,0.0,3.0,1.0,1.0,4.0,4.0,2.0,3.0,2.0,3.0,2.0,3.0,原著卡通的還原度 How matches with the original cartoon,演員的天賦（如：唱歌）Actor/actress’s talent(e.g. singing),原著劇情 Original story plot,4.0,3,21.0,女性 Female,台灣,大學/專科 Bachelor degree,"Dcard, Facebook, Instagram",ponghappy23@gmail.com,,White
2023-05-22 13:58:11.691,是 Yes,1.0,3,1.0,5.0,1.0,2.0,3.0,3.0,2.0,2.0,1.0,2.0,2.0,2.0,原著卡通的還原度 How matches with the original cartoon,演員的美貌 Actor/actress’s beauty,演員的知名度 Actor/actress’s reputation,1.0,2,40.0,女性 Female,台灣,大學/專科 Bachelor degree,"Facebook, Instagram",Vivian 1016tw@gmail.com,㊗️研究順利,White
2023-05-22 14:01:11.617,是 Yes,1.0,3,1.0,4.0,2.0,2.0,5.0,2.0,4.0,3.0,2.0,3.0,3.0,2.0,原著劇情 Original story plot,演員的知名度 Actor/actress’s reputation,原著卡通的還原度 How matches with the original cartoon,4.0,2,20.0,女性 Female,台灣,大學/專科 Bachelor degree,"Dcard, Facebook, Instagram",110405036@nccu.edu.tw,,White
2023-05-22 14:03:38.791,是 Yes,1.0,-1,1.0,2.0,4.0,3.0,5.0,1.0,3.0,3.0,2.0,1.0,2.0,2.0,網路聲量/口碑 Word of mouth,原著卡通的還原度 How matches with the original cartoon,親友推薦 Recommendations from friends,5.0,1,21.0,女性 Female,臺灣,大學/專科 Bachelor degree,"Dcard, Facebook, Instagram",cherrysu4141@gmail.com,,White
2023-05-22 14:04:25.424,是 Yes,1.0,3,1.0,5.0,1.0,1.0,4.0,5.0,2.0,3.0,2.0,1.0,2.0,1.0,網路聲量/口碑 Word of mouth,原著卡通的還原度 How matches with the original cartoon,原著劇情 Original story plot,4.0,-2,33.0,女性 Female,台灣,大學/專科 Bachelor degree,Facebook,a80021616@gmail.com,,White
2023-05-22 14:05:53.841,是 Yes,1.0,1,1.0,4.0,2.0,2.0,5.0,1.0,5.0,1.0,3.0,4.0,3.0,4.0,原著劇情 Original story plot,原著卡通的還原度 How matches with the original cartoon,網路聲量/口碑 Word of mouth,4.0,-3,20.0,女性 Female,台灣,大學/專科 Bachelor degree,"Twitter, Dcard, PTT, Facebook, Instagram",sylvia.mimi2003@gmail.com,,White
2023-05-22 14:06:43.271,是 Yes,1.0,-3,1.0,5.0,1.0,1.0,3.0,3.0,5.0,1.0,1.0,1.0,1.0,2.0,網路聲量/口碑 Word of mouth,親友推薦 Recommendations from friends,演員的知名度 Actor/actress’s reputation,5.0,-1,23.0,女性 Female,臺灣,大學/專科 Bachelor degree,Instagram,huuh16082@gmail.com,,White
2023-05-22 14:07:27.749,是 Yes,1.0,-5,1.0,4.0,2.0,3.0,3.0,5.0,3.0,2.0,3.0,5.0,1.0,4.0,演員的知名度 Actor/actress’s reputation,演員的膚色 Actor/actress’s skin color,親友推薦 Recommendations from friends,1.0,4,20.0,男性 Male,Korea,大學/專科 Bachelor degree,Instagram,jongseo1040@gmail.com ,,White
2023-05-22 14:10:25.734,是 Yes,1.0,2,1.0,3.0,2.0,2.0,4.0,3.0,5.0,2.0,4.0,4.0,4.0,5.0,原著卡通的還原度 How matches with the original cartoon,原著劇情 Original story plot,網路聲量/口碑 Word of mouth,4.0,1,21.0,女性 Female,台灣,大學/專科 Bachelor degree,"Dcard, Facebook, Instagram",rickamy1010@gmail.com,,White
2023-05-22 14:10:26.725,是 Yes,1.0,2,1.0,4.0,2.0,1.0,5.0,3.0,4.0,1.0,4.0,4.0,3.0,3.0,網路聲量/口碑 Word of mouth,演員的天賦（如：唱歌）Actor/actress’s talent(e.g. singing),原著卡通的還原度 How matches with the original cartoon,5.0,2,19.0,女性 Female,臺灣,大學/專科 Bachelor degree,"Dcard, Facebook, Instagram",omg4604@gmail.com,辛苦啦～加油！,White
2023-05-22 14:10:51.269,是 Yes,1.0,3,1.0,3.0,3.0,3.0,4.0,3.0,3.0,3.0,2.0,2.0,3.0,2.0,原著卡通的還原度 How matches with the original cartoon,原著劇情 Original story plot,網路聲量/口碑 Word of mouth,3.0,3,23.0,女性 Female,CHINA,大學/專科 Bachelor degree,"Instagram, TikTok",eassy_97@naver.vom,,White
2023-05-22 14:12:09.629,是 Yes,1.0,3,1.0,4.0,1.0,2.0,4.0,2.0,5.0,1.0,2.0,5.0,4.0,4.0,原著卡通的還原度 How matches with the original cartoon,演員的知名度 Actor/actress’s reputation,網路聲量/口碑 Word of mouth,4.0,2,23.0,女性 Female,South Korea,研究所及以上 Master degree or above,Instagram,yeahinku@korea.ac.kr,.,White
2023-05-22 14:12:19.094,是 Yes,1.0,5,1.0,5.0,5.0,1.0,3.0,4.0,2.0,2.0,2.0,2.0,2.0,2.0,原著卡通的還原度 How matches with the original cartoon,演員的美貌 Actor/actress’s beauty,原著劇情 Original story plot,5.0,5,21.0,女性 Female,台灣,大學/專科 Bachelor degree,"Facebook, Instagram",jessie1003123@gmail.com,,White
2023-05-22 14:13:26.721,是 Yes,1.0,5,1.0,4.0,2.0,3.0,4.0,2.0,5.0,2.0,4.0,4.0,4.0,4.0,原著卡通的還原度 How matches with the original cartoon,親友推薦 Recommendations from friends,原著劇情 Original story plot,4.0,3,23.0,女性 Female,Republic of Korea,大學/專科 Bachelor degree,Instagram,hyunseo1138@khu.ac.kr,.,White
2023-05-22 14:14:06.627,是 Yes,1.0,-3,1.0,4.0,3.0,2.0,4.0,3.0,4.0,3.0,3.0,2.0,2.0,2.0,演員的美貌 Actor/actress’s beauty,演員的天賦（如：唱歌）Actor/actress’s talent(e.g. singing),親友推薦 Recommendations from friends,4.0,2,,男性 Male,Republic of Korea,大學/專科 Bachelor degree,Instagram,isaackis@gmail.com,from -5 ~ +5 if you had 0 with the meaning of not sure it would have sounded nice,White
2023-05-22 14:17:33.742,是 Yes,1.0,5,1.0,3.0,5.0,5.0,5.0,1.0,5.0,1.0,5.0,5.0,5.0,5.0,原著劇情 Original story plot,原著卡通的還原度 How matches with the original cartoon,演員的美貌 Actor/actress’s beauty,3.0,-5,27.0,男性 Male,Taiwan,大學/專科 Bachelor degree,"Reddit, Dcard, PTT, Facebook, Instagram",Pass,,White
2023-05-22 14:18:31.409,是 Yes,1.0,3,1.0,4.0,1.0,1.0,4.0,5.0,3.0,1.0,3.0,3.0,3.0,3.0,原著卡通的還原度 How matches with the original cartoon,演員的天賦（如：唱歌）Actor/actress’s talent(e.g. singing),原著劇情 Original story plot,5.0,2,23.0,女性 Female,中華民國,高中 High school,"Twitter, Dcard, Facebook, Instagram",a2614511@gmail.com,,White
2023-05-22 14:19:18.500,是 Yes,1.0,4,1.0,5.0,1.0,1.0,1.0,5.0,5.0,1.0,4.0,5.0,4.0,4.0,原著卡通的還原度 How matches with the original cartoon,網路聲量/口碑 Word of mouth,原著劇情 Original story plot,4.0,3,26.0,男性 Male,台灣,大學/專科 Bachelor degree,"PTT, Facebook, Instagram",kevin0910034789@gmail.com,無,White
2023-05-22 14:20:15.242,是 Yes,1.0,4,1.0,2.0,5.0,3.0,5.0,2.0,4.0,1.0,4.0,5.0,5.0,5.0,網路聲量/口碑 Word of mouth,原著卡通的還原度 How matches with the original cartoon,演員的知名度 Actor/actress’s reputation,4.0,2,20.0,女性 Female,台灣,大學/專科 Bachelor degree,"Dcard, Facebook, Instagram",zoelin910713@gmail.com,,White
2023-05-22 14:20:55.717,是 Yes,1.0,5,1.0,4.0,2.0,3.0,5.0,5.0,4.0,2.0,3.0,3.0,4.0,4.0,原著卡通的還原度 How matches with the original cartoon,演員的天賦（如：唱歌）Actor/actress’s talent(e.g. singing),網路聲量/口碑 Word of mouth,4.0,3,27.0,男性 Male,中華民國,研究所及以上 Master degree or above,"Facebook, Instagram",N,,White
2023-05-22 14:21:31.936,是 Yes,1.0,1,1.0,5.0,1.0,1.0,5.0,3.0,5.0,4.0,5.0,5.0,5.0,4.0,網路聲量/口碑 Word of mouth,原著卡通的還原度 How matches with the original cartoon,演員的美貌 Actor/actress’s beauty,5.0,-3,21.0,女性 Female,台灣,大學/專科 Bachelor degree,"Dcard, Facebook, Instagram",vup900801@gmail.con,,White
2023-05-22 14:25:36.948,是 Yes,1.0,1,1.0,4.0,2.0,2.0,4.0,4.0,3.0,3.0,3.0,3.0,3.0,3.0,原著卡通的還原度 How matches with the original cartoon,原著劇情 Original story plot,網路聲量/口碑 Word of mouth,3.0,2,55.0,男性 Male,台灣,研究所及以上 Master degree or above,Facebook,lin1596@mail.chimei.com.tw ,無,White
2023-05-22 14:29:02.579,是 Yes,1.0,4,1.0,4.0,3.0,2.0,5.0,4.0,4.0,1.0,3.0,4.0,4.0,4.0,原著卡通的還原度 How matches with the original cartoon,演員的天賦（如：唱歌）Actor/actress’s talent(e.g. singing),原著劇情 Original story plot,5.0,-5,22.0,女性 Female,台灣,大學/專科 Bachelor degree,"Dcard, Instagram",michellechu584@gmail.com,,White
2023-05-22 14:29:19.116,是 Yes,1.0,-4,1.0,5.0,1.0,1.0,4.0,3.0,4.0,3.0,2.0,2.0,1.0,1.0,親友推薦 Recommendations from friends,網路聲量/口碑 Word of mouth,原著卡通的還原度 How matches with the original cartoon,5.0,3,25.0,女性 Female,台灣,大學/專科 Bachelor degree,"Dcard, PTT, Facebook, Instagram",weilihsu1007@gmail.com,,White
2023-05-22 14:33:43.324,是 Yes,1.0,3,1.0,4.0,2.0,3.0,4.0,3.0,5.0,1.0,5.0,5.0,5.0,5.0,原著卡通的還原度 How matches with the original cartoon,演員的美貌 Actor/actress’s beauty,演員的天賦（如：唱歌）Actor/actress’s talent(e.g. singing),3.0,3,22.0,女性 Female,Taiwan,大學/專科 Bachelor degree,Instagram,emily900407@gmail.com,這份表單做得不錯,White
2023-05-22 14:35:58.416,是 Yes,1.0,2,1.0,3.0,3.0,4.0,3.0,2.0,4.0,1.0,2.0,3.0,3.0,3.0,網路聲量/口碑 Word of mouth,原著劇情 Original story plot,演員的知名度 Actor/actress’s reputation,5.0,1,19.0,女性 Female,中華民國,大學/專科 Bachelor degree,"Twitter, Dcard, PTT, Facebook, Instagram",111103041@g.Nccu.edu.tw,,White
2023-05-22 14:38:47.837,是 Yes,1.0,2,1.0,5.0,2.0,1.0,4.0,2.0,5.0,2.0,3.0,2.0,2.0,2.0,演員的知名度 Actor/actress’s reputation,網路聲量/口碑 Word of mouth,演員的天賦（如：唱歌）Actor/actress’s talent(e.g. singing),2.0,3,20.0,男性 Male,German,高中 High school,"Instagram, TikTok",-,,White
2023-05-22 14:39:06.398,是 Yes,1.0,3,1.0,5.0,1.0,2.0,3.0,4.0,5.0,2.0,2.0,2.0,2.0,2.0,演員的天賦（如：唱歌）Actor/actress’s talent(e.g. singing),網路聲量/口碑 Word of mouth,親友推薦 Recommendations from friends,5.0,-2,24.0,女性 Female,臺灣,大學/專科 Bachelor degree,"Dcard, Facebook, Instagram",60216cindy@gmail.com,,White
2023-05-22 14:41:59.034,是 Yes,1.0,2,1.0,5.0,1.0,1.0,3.0,3.0,4.0,1.0,3.0,3.0,2.0,3.0,原著卡通的還原度 How matches with the original cartoon,原著劇情 Original story plot,網路聲量/口碑 Word of mouth,3.0,4,45.0,女性 Female,中國,高中 High school,"Facebook, Instagram",xflin_2002@yahoo.com.tw,,White
2023-05-22 14:42:06.208,是 Yes,1.0,3,1.0,4.0,1.0,1.0,5.0,4.0,5.0,1.0,2.0,2.0,2.0,3.0,網路聲量/口碑 Word of mouth,原著卡通的還原度 How matches with the original cartoon,親友推薦 Recommendations from friends,4.0,-3,23.0,女性 Female,中華民國,研究所及以上 Master degree or above,"Twitter, Dcard, Facebook, Instagram",e6c666@gmail.com ,,White
2023-05-22 14:44:04.543,是 Yes,1.0,-1,1.0,4.0,3.0,2.0,4.0,3.0,4.0,2.0,3.0,3.0,3.0,4.0,網路聲量/口碑 Word of mouth,原著卡通的還原度 How matches with the original cartoon,親友推薦 Recommendations from friends,4.0,3,20.0,女性 Female,臺灣,大學/專科 Bachelor degree,"Dcard, Instagram",vivi0975952696@gmail.com ,,White
2023-05-22 14:48:05.665,是 Yes,1.0,3,1.0,5.0,2.0,1.0,4.0,5.0,3.0,1.0,4.0,3.0,3.0,4.0,原著劇情 Original story plot,網路聲量/口碑 Word of mouth,親友推薦 Recommendations from friends,5.0,1,23.0,女性 Female,中華民國,大學/專科 Bachelor degree,"Dcard, Instagram",munstamb0521@gmail.com,,White
2023-05-22 14:48:29.572,是 Yes,1.0,4,1.0,5.0,1.0,1.0,5.0,5.0,4.0,1.0,4.0,4.0,4.0,4.0,原著卡通的還原度 How matches with the original cartoon,演員的天賦（如：唱歌）Actor/actress’s talent(e.g. singing),網路聲量/口碑 Word of mouth,4.0,3,22.0,女性 Female,台灣,大學/專科 Bachelor degree,Instagram,chenirene199@gmail.com,,White
2023-05-22 14:57:01.191,是 Yes,1.0,4,1.0,2.0,4.0,5.0,5.0,1.0,4.0,1.0,4.0,5.0,5.0,3.0,原著卡通的還原度 How matches with the original cartoon,原著劇情 Original story plot,演員的天賦（如：唱歌）Actor/actress’s talent(e.g. singing),4.0,-3,20.0,女性 Female,Taiwan ,大學/專科 Bachelor degree,"Twitter, Instagram",sophora22s@gmail.com,,White
2023-05-22 14:58:04.801,是 Yes,1.0,-5,1.0,4.0,3.0,3.0,5.0,3.0,4.0,2.0,1.0,1.0,1.0,1.0,原著卡通的還原度 How matches with the original cartoon,演員的天賦（如：唱歌）Actor/actress’s talent(e.g. singing),演員的美貌 Actor/actress’s beauty,5.0,1,21.0,男性 Male,ROC,高中 High school,Instagram,evan26102117@gmail.com,,White
2023-05-22 15:03:29.624,是 Yes,1.0,5,1.0,5.0,1.0,1.0,5.0,5.0,4.0,1.0,5.0,5.0,5.0,5.0,原著劇情 Original story plot,網路聲量/口碑 Word of mouth,原著卡通的還原度 How matches with the original cartoon,3.0,5,38.0,女性 Female,台灣,高中 High school,Facebook,j3682137@gmail.com,無,White
2023-05-22 15:08:30.499,是 Yes,1.0,3,1.0,5.0,1.0,1.0,5.0,5.0,5.0,1.0,3.0,3.0,3.0,4.0,原著劇情 Original story plot,原著卡通的還原度 How matches with the original cartoon,網路聲量/口碑 Word of mouth,4.0,2,23.0,女性 Female,臺灣,大學/專科 Bachelor degree,"Dcard, Instagram",jenny417063@gmail.com,辛苦了～,White
2023-05-22 15:12:45.278,是 Yes,1.0,-3,1.0,3.0,2.0,2.0,5.0,3.0,5.0,1.0,4.0,4.0,3.0,3.0,原著卡通的還原度 How matches with the original cartoon,網路聲量/口碑 Word of mouth,親友推薦 Recommendations from friends,4.0,-3,20.0,女性 Female,中華民國,大學/專科 Bachelor degree,"Dcard, Facebook, Instagram",twu33292@gmail.com,,White
2023-05-22 15:19:32.214,是 Yes,1.0,3,1.0,3.0,3.0,3.0,3.0,3.0,1.0,2.0,2.0,3.0,3.0,3.0,原著卡通的還原度 How matches with the original cartoon,演員的知名度 Actor/actress’s reputation,網路聲量/口碑 Word of mouth,2.0,1,25.0,男性 Male,中華民國,大學/專科 Bachelor degree,Facebook,jaen0714@yahoo.com.tw,,White
2023-05-22 15:24:43.964,是 Yes,1.0,2,1.0,2.0,3.0,2.0,4.0,2.0,4.0,1.0,2.0,2.0,2.0,2.0,原著卡通的還原度 How matches with the original cartoon,原著劇情 Original story plot,演員的知名度 Actor/actress’s reputation,4.0,-1,25.0,女性 Female,臺灣,研究所及以上 Master degree or above,"PTT, Facebook, Instagram",sponge371@gmail.com,,White
2023-05-22 15:25:53.691,是 Yes,1.0,3,1.0,4.0,1.0,1.0,3.0,4.0,5.0,1.0,3.0,4.0,3.0,3.0,原著劇情 Original story plot,原著卡通的還原度 How matches with the original cartoon,網路聲量/口碑 Word of mouth,5.0,1,22.0,女性 Female,中華民國,大學/專科 Bachelor degree,Instagram,linst2001@gmail.com ,,White
2023-05-22 15:28:51.796,是 Yes,1.0,2,1.0,4.0,2.0,3.0,4.0,2.0,2.0,3.0,2.0,2.0,2.0,2.0,親友推薦 Recommendations from friends,網路聲量/口碑 Word of mouth,原著劇情 Original story plot,4.0,-1,35.0,男性 Male,台灣,高中 High school,"Facebook, Instagram",love30966@yahoo.com.tw,無,White
2023-05-22 15:33:29.777,是 Yes,1.0,-3,1.0,2.0,4.0,4.0,5.0,2.0,4.0,1.0,3.0,4.0,4.0,4.0,演員的知名度 Actor/actress’s reputation,原著卡通的還原度 How matches with the original cartoon,演員的美貌 Actor/actress’s beauty,4.0,2,20.0,女性 Female,台灣,大學/專科 Bachelor degree,"Dcard, Instagram",110501018@nccu.edu.tw,,White
2023-05-22 15:59:05.687,是 Yes,1.0,1,1.0,4.0,2.0,2.0,4.0,4.0,4.0,2.0,3.0,3.0,4.0,4.0,原著卡通的還原度 How matches with the original cartoon,原著劇情 Original story plot,演員的美貌 Actor/actress’s beauty,4.0,2,19.0,女性 Female,台灣,大學/專科 Bachelor degree,"Dcard, Facebook, Instagram",jessie920726@gmail.com,,White
2023-05-22 16:07:08.520,是 Yes,1.0,-5,1.0,5.0,1.0,5.0,5.0,4.0,5.0,1.0,3.0,5.0,5.0,5.0,原著卡通的還原度 How matches with the original cartoon,原著劇情 Original story plot,網路聲量/口碑 Word of mouth,3.0,-5,21.0,女性 Female,台灣,大學/專科 Bachelor degree,"Dcard, Instagram",409381283@gapp.fju.edu.tw,奕筑加油～,White
2023-05-22 16:07:14.822,是 Yes,1.0,-5,1.0,3.0,3.0,2.0,4.0,2.0,1.0,5.0,4.0,1.0,1.0,1.0,網路聲量/口碑 Word of mouth,親友推薦 Recommendations from friends,原著劇情 Original story plot,4.0,-5,42.0,女性 Female,台灣,高中 High school,Facebook,b0931343663@gmail.com,,White
2023-05-22 16:12:08.343,是 Yes,1.0,3,0.0,1.0,5.0,5.0,5.0,1.0,5.0,1.0,4.0,5.0,5.0,5.0,演員的美貌 Actor/actress’s beauty,原著卡通的還原度 How matches with the original cartoon,演員的天賦（如：唱歌）Actor/actress’s talent(e.g. singing),5.0,-5,22.0,女性 Female,台灣,大學/專科 Bachelor degree,"Dcard, Facebook, Instagram",a43,,White
2023-05-22 16:16:11.654,是 Yes,1.0,4,1.0,5.0,1.0,1.0,3.0,4.0,5.0,1.0,3.0,4.0,4.0,4.0,網路聲量/口碑 Word of mouth,演員的天賦（如：唱歌）Actor/actress’s talent(e.g. singing),演員的美貌 Actor/actress’s beauty,4.0,4,22.0,女性 Female,Taiwan,大學/專科 Bachelor degree,Instagram,ivy.ycyeh@gmail.com,,White
2023-05-22 16:16:36.079,是 Yes,1.0,1,1.0,5.0,1.0,1.0,4.0,5.0,1.0,3.0,3.0,1.0,1.0,1.0,演員的天賦（如：唱歌）Actor/actress’s talent(e.g. singing),演員的知名度 Actor/actress’s reputation,網路聲量/口碑 Word of mouth,1.0,3,23.0,女性 Female,台灣,大學/專科 Bachelor degree,"Twitter, Facebook, Instagram",chloelai2016@gmail.com,舉例美女與野獸雖然找白人女主，但是該演員擅長炒作蹭熱度風評極差，就算妝造符合卡通也沒有用,White
2023-05-22 16:17:51.152,是 Yes,1.0,1,1.0,4.0,2.0,2.0,4.0,2.0,4.0,2.0,3.0,3.0,3.0,4.0,原著卡通的還原度 How matches with the original cartoon,演員的天賦（如：唱歌）Actor/actress’s talent(e.g. singing),親友推薦 Recommendations from friends,5.0,-2,22.0,男性 Male,Republic of Korea,大學/專科 Bachelor degree,Instagram,bread0810@khu.ac.kr,,White
2023-05-22 16:19:14.051,是 Yes,1.0,1,1.0,2.0,4.0,3.0,4.0,2.0,1.0,3.0,2.0,1.0,1.0,1.0,原著卡通的還原度 How matches with the original cartoon,演員的美貌 Actor/actress’s beauty,原著劇情 Original story plot,4.0,1,21.0,女性 Female,台灣,大學/專科 Bachelor degree,"Dcard, Facebook, Instagram",ykjhart1024@gmail.com,,White
2023-05-22 16:22:19.974,是 Yes,1.0,3,1.0,3.0,2.0,4.0,3.0,4.0,3.0,3.0,3.0,3.0,3.0,3.0,網路聲量/口碑 Word of mouth,演員的天賦（如：唱歌）Actor/actress’s talent(e.g. singing),演員的美貌 Actor/actress’s beauty,3.0,2,19.0,女性 Female,中華民國,高中 High school,"Dcard, PTT, Facebook, Instagram",xiaosese602@gmail.com,,White
2023-05-22 16:23:10.033,是 Yes,1.0,4,1.0,4.0,3.0,3.0,4.0,3.0,5.0,1.0,4.0,4.0,4.0,4.0,原著卡通的還原度 How matches with the original cartoon,原著劇情 Original story plot,網路聲量/口碑 Word of mouth,5.0,-3,26.0,女性 Female,台灣,大學/專科 Bachelor degree,"Dcard, PTT, Facebook, Instagram",kaohsigang@gmail.com,個人不想看主要是選角問題沒錯，但並非是因為膚色，就單純是覺得跟原著差太多(可能是選角沒有小美人魚的感覺)，若要有選角多樣性，可以另外拍關於那個角色的電影就好,White
2023-05-22 16:24:32.591,是 Yes,1.0,1,1.0,2.0,5.0,5.0,5.0,2.0,5.0,1.0,4.0,5.0,5.0,5.0,原著卡通的還原度 How matches with the original cartoon,演員的知名度 Actor/actress’s reputation,原著劇情 Original story plot,4.0,-3,18.0,女性 Female,台灣,高中 High school,Instagram,polly001211@gmail.com,,White
2023-05-22 16:26:10.729,是 Yes,1.0,-5,1.0,5.0,1.0,3.0,5.0,3.0,5.0,1.0,1.0,1.0,1.0,1.0,原著卡通的還原度 How matches with the original cartoon,網路聲量/口碑 Word of mouth,演員的知名度 Actor/actress’s reputation,4.0,-5,28.0,男性 Male,台灣,研究所及以上 Master degree or above,"PTT, Facebook, Instagram",p503172000@gmail.com,抽獎留給學弟妹～別抽我,White
2023-05-22 16:35:16.702,是 Yes,1.0,-2,1.0,2.0,4.0,3.0,5.0,3.0,2.0,3.0,4.0,3.0,3.0,3.0,原著卡通的還原度 How matches with the original cartoon,原著劇情 Original story plot,演員的美貌 Actor/actress’s beauty,5.0,-3,20.0,女性 Female,台灣,高中 High school,"Dcard, Facebook, Instagram, Line",111206006@g.nccu.edu.tw,,White
2023-05-22 16:36:22.711,是 Yes,1.0,3,1.0,3.0,2.0,3.0,4.0,3.0,4.0,2.0,3.0,4.0,3.0,3.0,原著卡通的還原度 How matches with the original cartoon,演員的天賦（如：唱歌）Actor/actress’s talent(e.g. singing),演員的美貌 Actor/actress’s beauty,3.0,1,20.0,女性 Female,臺灣,大學/專科 Bachelor degree,"Dcard, Facebook, Instagram",air40047071@gmail.com,,White
2023-05-22 16:39:17.700,是 Yes,1.0,3,0.0,5.0,1.0,1.0,4.0,4.0,5.0,1.0,3.0,4.0,3.0,3.0,原著卡通的還原度 How matches with the original cartoon,演員的美貌 Actor/actress’s beauty,原著劇情 Original story plot,4.0,2,50.0,女性 Female,中華民國,大學/專科 Bachelor degree,"Facebook, Instagram, TikTok",evalin432@gmail.com ,,White
2023-05-22 16:39:24.542,是 Yes,1.0,-5,0.0,5.0,1.0,1.0,3.0,3.0,2.0,1.0,1.0,1.0,1.0,1.0,演員的知名度 Actor/actress’s reputation,網路聲量/口碑 Word of mouth,演員的美貌 Actor/actress’s beauty,5.0,-5,22.0,女性 Female,台灣,大學/專科 Bachelor degree,"Dcard, Instagram",robe89100@gmail.com,,White
2023-05-22 16:41:26.654,是 Yes,1.0,4,1.0,5.0,1.0,1.0,3.0,5.0,5.0,3.0,4.0,1.0,1.0,1.0,原著劇情 Original story plot,演員的天賦（如：唱歌）Actor/actress’s talent(e.g. singing),網路聲量/口碑 Word of mouth,4.0,4,39.0,女性 Female,台灣,研究所及以上 Master degree or above,Facebook,crikeycrikey@gmail.com,很棒又有趣的研究題目！,White
2023-05-22 16:42:04.165,是 Yes,1.0,4,1.0,4.0,2.0,2.0,4.0,4.0,4.0,1.0,4.0,4.0,5.0,4.0,原著卡通的還原度 How matches with the original cartoon,原著劇情 Original story plot,網路聲量/口碑 Word of mouth,4.0,-4,19.0,女性 Female,臺灣,大學/專科 Bachelor degree,"Dcard, Facebook, Instagram",111206008@g.nccu.edu.tw,,White
2023-05-22 16:42:47.631,是 Yes,1.0,3,1.0,4.0,4.0,2.0,4.0,4.0,2.0,2.0,4.0,3.0,3.0,2.0,原著卡通的還原度 How matches with the original cartoon,網路聲量/口碑 Word of mouth,演員的美貌 Actor/actress’s beauty,5.0,3,21.0,男性 Male,台灣,大學/專科 Bachelor degree,"Dcard, Facebook, Instagram, TikTok",silly.120407@gmail.com,無，加油！,White
2023-05-22 16:48:17.433,是 Yes,1.0,3,0.0,1.0,4.0,5.0,5.0,1.0,2.0,3.0,4.0,3.0,2.0,2.0,原著卡通的還原度 How matches with the original cartoon,原著劇情 Original story plot,演員的天賦（如：唱歌）Actor/actress’s talent(e.g. singing),4.0,1,21.0,男性 Male,中華民國,大學/專科 Bachelor degree,"Facebook, Instagram",franklin63592051@gmail.com,,White
2023-05-22 16:51:31.451,是 Yes,1.0,1,1.0,5.0,1.0,1.0,3.0,4.0,3.0,1.0,3.0,3.0,3.0,3.0,原著卡通的還原度 How matches with the original cartoon,演員的知名度 Actor/actress’s reputation,原著劇情 Original story plot,5.0,1,42.0,男性 Male,Taiwan,大學/專科 Bachelor degree,"Facebook, Instagram",nyyakis@yahoo.com.tw,,White
2023-05-22 16:53:55.655,是 Yes,1.0,1,1.0,3.0,3.0,1.0,3.0,3.0,1.0,3.0,3.0,2.0,2.0,2.0,原著卡通的還原度 How matches with the original cartoon,原著劇情 Original story plot,演員的知名度 Actor/actress’s reputation,2.0,-2,32.0,女性 Female,台灣,大學/專科 Bachelor degree,Instagram,susan24681@yahoo.com.tw,,White
2023-05-22 16:54:34.197,是 Yes,1.0,4,1.0,4.0,2.0,2.0,4.0,3.0,3.0,3.0,2.0,2.0,2.0,2.0,演員的天賦（如：唱歌）Actor/actress’s talent(e.g. singing),原著劇情 Original story plot,原著劇情 Original story plot,2.0,3,39.0,女性 Female,臺灣,研究所及以上 Master degree or above,Facebook,deepblue139@gmail.com,,White
2023-05-22 17:03:14.572,是 Yes,0.0,-1,0.0,3.0,3.0,3.0,3.0,2.0,3.0,3.0,2.0,2.0,2.0,2.0,我從來不觀看迪士尼電影 I never watch Disney movie,我從來不觀看迪士尼電影 I never watch Disney movie,我從來不觀看迪士尼電影 I never watch Disney movie,4.0,-1,34.0,女性 Female,台灣,高中 High school,"Facebook, Instagram",saeld159@yahoo.com.tw,,White
2023-05-22 17:08:04.288,是 Yes,1.0,1,1.0,5.0,1.0,1.0,5.0,3.0,3.0,1.0,1.0,1.0,1.0,1.0,原著劇情 Original story plot,原著卡通的還原度 How matches with the original cartoon,演員的知名度 Actor/actress’s reputation,2.0,1,28.0,男性 Male,台湾,研究所及以上 Master degree or above,"Facebook, Instagram",a7190503@gmail.com,,White
2023-05-22 17:08:34.107,是 Yes,1.0,2,1.0,2.0,3.0,4.0,5.0,2.0,4.0,2.0,3.0,4.0,4.0,3.0,原著卡通的還原度 How matches with the original cartoon,網路聲量/口碑 Word of mouth,原著劇情 Original story plot,4.0,-2,22.0,女性 Female,Taiwan,大學/專科 Bachelor degree,"Dcard, Facebook, Instagram",yianlai66@gmail.com,,White
2023-05-22 17:09:39.581,是 Yes,1.0,1,1.0,3.0,2.0,2.0,3.0,3.0,2.0,3.0,2.0,2.0,2.0,2.0,原著劇情 Original story plot,原著卡通的還原度 How matches with the original cartoon,親友推薦 Recommendations from friends,1.0,1,21.0,女性 Female,台灣,大學/專科 Bachelor degree,"Twitter, Facebook, Instagram",cindysu511018@gmail.com,,White
2023-05-22 17:26:37.545,是 Yes,1.0,5,1.0,3.0,4.0,4.0,4.0,3.0,4.0,2.0,4.0,4.0,4.0,4.0,原著卡通的還原度 How matches with the original cartoon,演員的天賦（如：唱歌）Actor/actress’s talent(e.g. singing),原著劇情 Original story plot,4.0,4,22.0,女性 Female,台灣,大學/專科 Bachelor degree,"Dcard, Facebook, Instagram",108305033@g.nccu.edu.tw,,White
2023-05-22 17:26:56.758,是 Yes,1.0,3,1.0,3.0,3.0,3.0,4.0,3.0,5.0,1.0,5.0,5.0,5.0,5.0,原著卡通的還原度 How matches with the original cartoon,演員的美貌 Actor/actress’s beauty,演員的知名度 Actor/actress’s reputation,4.0,3,20.0,女性 Female,台灣,大學/專科 Bachelor degree,"Dcard, Facebook, Instagram",loiszhenyu@gmail.com,,White
2023-05-22 17:27:23.958,是 Yes,1.0,1,1.0,4.0,2.0,2.0,4.0,4.0,2.0,4.0,2.0,2.0,2.0,2.0,原著卡通的還原度 How matches with the original cartoon,演員的天賦（如：唱歌）Actor/actress’s talent(e.g. singing),原著劇情 Original story plot,4.0,2,50.0,女性 Female,台灣,研究所及以上 Master degree or above,Facebook,bear60@tn.edu.tw,,White
2023-05-22 17:42:14.389,是 Yes,1.0,-4,1.0,3.0,3.0,1.0,3.0,2.0,4.0,2.0,3.0,2.0,2.0,2.0,原著卡通的還原度 How matches with the original cartoon,演員的天賦（如：唱歌）Actor/actress’s talent(e.g. singing),親友推薦 Recommendations from friends,3.0,2,21.0,男性 Male,Taiwan,大學/專科 Bachelor degree,"Dcard, PTT, Facebook, Instagram",Nah,,White
2023-05-22 17:43:42.245,是 Yes,1.0,1,1.0,4.0,2.0,2.0,4.0,4.0,5.0,1.0,4.0,4.0,4.0,4.0,原著卡通的還原度 How matches with the original cartoon,演員的天賦（如：唱歌）Actor/actress’s talent(e.g. singing),原著劇情 Original story plot,2.0,-1,20.0,不想透露 Unwilling to disclose,Korea,大學/專科 Bachelor degree,Instagram,wangms0120@naver.com,X,White
2023-05-22 17:48:45.511,是 Yes,1.0,2,1.0,4.0,2.0,2.0,4.0,3.0,5.0,2.0,4.0,4.0,4.0,4.0,原著卡通的還原度 How matches with the original cartoon,原著劇情 Original story plot,演員的美貌 Actor/actress’s beauty,4.0,1,27.0,男性 Male,台灣,大學/專科 Bachelor degree,Facebook,441024C003@gms.ndhu.edu.tw ,希望中獎,White
2023-05-22 18:00:07.178,是 Yes,1.0,-4,1.0,4.0,2.0,1.0,4.0,2.0,4.0,2.0,3.0,2.0,3.0,3.0,原著卡通的還原度 How matches with the original cartoon,原著劇情 Original story plot,演員的美貌 Actor/actress’s beauty,4.0,2,22.0,女性 Female,中華民國,大學/專科 Bachelor degree,Instagram,anniekuo222@gmail.com,無,White
2023-05-22 18:03:32.765,是 Yes,1.0,-3,1.0,3.0,2.0,3.0,4.0,2.0,2.0,2.0,3.0,3.0,3.0,2.0,原著卡通的還原度 How matches with the original cartoon,網路聲量/口碑 Word of mouth,原著劇情 Original story plot,4.0,-1,21.0,女性 Female,台灣,大學/專科 Bachelor degree,"Dcard, Instagram",fengchiawen0808@gmail.com,,White
2023-05-22 18:11:39.780,是 Yes,1.0,4,1.0,3.0,3.0,2.0,3.0,2.0,3.0,3.0,3.0,4.0,3.0,3.0,原著劇情 Original story plot,原著卡通的還原度 How matches with the original cartoon,演員的天賦（如：唱歌）Actor/actress’s talent(e.g. singing),4.0,3,30.0,女性 Female,Persian,高中 High school,"Reddit, Twitter, Instagram",camellia.aghabeick@gmail.com ,No,White
2023-05-22 18:17:13.976,是 Yes,1.0,1,1.0,3.0,2.0,2.0,4.0,3.0,2.0,3.0,3.0,2.0,2.0,2.0,網路聲量/口碑 Word of mouth,親友推薦 Recommendations from friends,原著卡通的還原度 How matches with the original cartoon,4.0,1,19.0,女性 Female,中華民國,高中 High school,"Twitter, Dcard, Facebook, Instagram",allylin1020@gmail.com,,White
2023-05-22 18:20:33.381,是 Yes,1.0,-1,1.0,4.0,5.0,3.0,3.0,3.0,3.0,3.0,3.0,3.0,3.0,3.0,演員的知名度 Actor/actress’s reputation,親友推薦 Recommendations from friends,演員的膚色 Actor/actress’s skin color,3.0,1,24.0,男性 Male,Iraq,高中 High school,"Facebook, Instagram, TikTok, Snapchat",Moamel802@gmail.com,No,White
2023-05-22 18:23:38.729,是 Yes,1.0,3,1.0,4.0,2.0,3.0,4.0,4.0,4.0,2.0,2.0,3.0,3.0,3.0,原著卡通的還原度 How matches with the original cartoon,網路聲量/口碑 Word of mouth,原著劇情 Original story plot,5.0,2,27.0,男性 Male,臺灣,大學/專科 Bachelor degree,"Dcard, Facebook, Instagram",c3830754001@yahoo.com.tw,,White
2023-05-22 18:27:44.142,是 Yes,1.0,1,1.0,2.0,3.0,4.0,2.0,1.0,5.0,1.0,4.0,4.0,3.0,3.0,原著劇情 Original story plot,原著卡通的還原度 How matches with the original cartoon,演員的天賦（如：唱歌）Actor/actress’s talent(e.g. singing),3.0,-5,28.0,男性 Male,Chile,研究所及以上 Master degree or above,"Instagram, Snapchat, WhatsApp",maurodesruelles@gmail.com,Im not disagree with diversity cast. Im disagree with the radical change of the cast from the original story. For example i will never watch a Superman movie where the actor and the story doesn't match with the original Superman Story on comics,White
2023-05-22 18:28:54.136,是 Yes,1.0,-2,1.0,3.0,2.0,3.0,4.0,3.0,5.0,2.0,3.0,3.0,3.0,4.0,網路聲量/口碑 Word of mouth,原著劇情 Original story plot,親友推薦 Recommendations from friends,5.0,-2,26.0,女性 Female,台灣,研究所及以上 Master degree or above,"PTT, Facebook, Instagram",eva7500022@gmail.com,,White
2023-05-22 18:31:43.014,是 Yes,1.0,3,1.0,3.0,3.0,3.0,3.0,1.0,4.0,1.0,3.0,3.0,3.0,3.0,原著卡通的還原度 How matches with the original cartoon,原著劇情 Original story plot,演員的天賦（如：唱歌）Actor/actress’s talent(e.g. singing),1.0,3,19.0,男性 Male,,高中 High school,"Facebook, Instagram, Snapchat",josedaniellozano22603@gmail.com,,White
2023-05-22 18:36:59.148,是 Yes,1.0,3,1.0,5.0,1.0,1.0,5.0,4.0,3.0,2.0,3.0,2.0,2.0,2.0,原著劇情 Original story plot,演員的天賦（如：唱歌）Actor/actress’s talent(e.g. singing),親友推薦 Recommendations from friends,2.0,3,19.0,男性 Male,British ,高中 High school,"Instagram, TikTok",Bobbyclaydon888@gmail.com ,It was a pretty spectacular questionnaire with many questions to keep people entertained ,White
2023-05-22 18:42:47.727,是 Yes,1.0,4,1.0,4.0,5.0,2.0,4.0,3.0,4.0,2.0,4.0,4.0,4.0,4.0,原著卡通的還原度 How matches with the original cartoon,演員的天賦（如：唱歌）Actor/actress’s talent(e.g. singing),網路聲量/口碑 Word of mouth,4.0,2,24.0,女性 Female,台灣,大學/專科 Bachelor degree,"Dcard, Facebook, Instagram",sara212928@gmail.com,,White
2023-05-22 18:43:11.028,是 Yes,1.0,5,1.0,5.0,1.0,3.0,3.0,3.0,3.0,3.0,3.0,3.0,3.0,3.0,原著卡通的還原度 How matches with the original cartoon,原著劇情 Original story plot,演員的天賦（如：唱歌）Actor/actress’s talent(e.g. singing),4.0,3,23.0,女性 Female,台灣,大學/專科 Bachelor degree,"PTT, Facebook, Instagram",lydia881223@yahoo.com.tw,,White
2023-05-22 18:43:15.329,是 Yes,1.0,2,1.0,3.0,4.0,4.0,5.0,2.0,5.0,1.0,3.0,4.0,3.0,3.0,原著劇情 Original story plot,演員的天賦（如：唱歌）Actor/actress’s talent(e.g. singing),網路聲量/口碑 Word of mouth,4.0,1,23.0,女性 Female,Taiwan,大學/專科 Bachelor degree,"Dcard, Facebook, Instagram",annie019096@gmail.com,祝在學校的一切順利(⁎⁍̴̛ᴗ⁍̴̛⁎),White
2023-05-22 18:47:38.160,是 Yes,1.0,1,1.0,3.0,3.0,3.0,3.0,2.0,4.0,2.0,3.0,3.0,3.0,3.0,演員的天賦（如：唱歌）Actor/actress’s talent(e.g. singing),原著劇情 Original story plot,原著卡通的還原度 How matches with the original cartoon,3.0,1,46.0,女性 Female,台灣,研究所及以上 Master degree or above,line,txf19602002@gmail.com,無,White
2023-05-22 18:51:30.427,是 Yes,1.0,5,1.0,5.0,1.0,1.0,4.0,3.0,5.0,1.0,5.0,5.0,3.0,3.0,原著劇情 Original story plot,原著卡通的還原度 How matches with the original cartoon,演員的天賦（如：唱歌）Actor/actress’s talent(e.g. singing),2.0,4,23.0,男性 Male,台灣,研究所及以上 Master degree or above,"Facebook, Instagram",peter6617594@gmail.com,無,White
2023-05-22 18:55:05.879,是 Yes,1.0,2,1.0,5.0,2.0,1.0,4.0,3.0,4.0,1.0,2.0,3.0,3.0,3.0,原著卡通的還原度 How matches with the original cartoon,原著劇情 Original story plot,演員的知名度 Actor/actress’s reputation,2.0,1,19.0,非二元性別 Nonbinary,臺灣,大學/專科 Bachelor degree,"Twitter, Facebook, Instagram",x,,White
2023-05-22 19:03:18.804,是 Yes,1.0,5,1.0,5.0,1.0,1.0,1.0,4.0,3.0,3.0,3.0,3.0,3.0,3.0,原著劇情 Original story plot,演員的天賦（如：唱歌）Actor/actress’s talent(e.g. singing),演員的知名度 Actor/actress’s reputation,4.0,3,44.0,女性 Female,臺灣,研究所及以上 Master degree or above,Facebook,kangaroo826@gmail.com,,White
2023-05-22 19:04:32.106,是 Yes,1.0,-5,1.0,2.0,4.0,3.0,5.0,1.0,4.0,1.0,4.0,4.0,4.0,4.0,原著卡通的還原度 How matches with the original cartoon,原著劇情 Original story plot,演員的美貌 Actor/actress’s beauty,3.0,-2,24.0,男性 Male,台灣,大學/專科 Bachelor degree,"Facebook, Instagram",benson940180@gmail.com,讚👍,White
2023-05-22 19:16:29.077,是 Yes,1.0,-1,0.0,3.0,4.0,3.0,4.0,3.0,3.0,3.0,3.0,2.0,2.0,2.0,演員的美貌 Actor/actress’s beauty,演員的膚色 Actor/actress’s skin color,演員的知名度 Actor/actress’s reputation,4.0,1,22.0,女性 Female,中華民國,高中 High school,"Dcard, Facebook, Instagram",nw622634@gmail.com,辛苦了,White
2023-05-22 19:20:55.435,是 Yes,1.0,4,1.0,4.0,4.0,4.0,4.0,4.0,4.0,2.0,4.0,4.0,4.0,4.0,原著卡通的還原度 How matches with the original cartoon,原著劇情 Original story plot,網路聲量/口碑 Word of mouth,4.0,2,24.0,女性 Female,台灣,研究所及以上 Master degree or above,"Dcard, Facebook, Instagram",janesweet54132@gmail.com,,White
2023-05-22 19:23:13.508,是 Yes,1.0,3,1.0,3.0,1.0,1.0,3.0,2.0,5.0,1.0,4.0,4.0,4.0,5.0,網路聲量/口碑 Word of mouth,原著卡通的還原度 How matches with the original cartoon,親友推薦 Recommendations from friends,5.0,-1,22.0,女性 Female,台灣,大學/專科 Bachelor degree,"Dcard, Facebook, Instagram",108203046@g.nccu.edu.tw,,White
2023-05-22 19:26:55.276,是 Yes,1.0,3,1.0,4.0,2.0,2.0,4.0,5.0,3.0,2.0,2.0,3.0,3.0,2.0,原著卡通的還原度 How matches with the original cartoon,演員的天賦（如：唱歌）Actor/actress’s talent(e.g. singing),演員的美貌 Actor/actress’s beauty,4.0,3,30.0,男性 Male,台灣,研究所及以上 Master degree or above,"Facebook, Instagram",j19930523c@gmail.com,,White
2023-05-22 19:27:23.140,是 Yes,1.0,2,1.0,5.0,2.0,2.0,3.0,4.0,4.0,2.0,4.0,3.0,3.0,3.0,原著劇情 Original story plot,原著卡通的還原度 How matches with the original cartoon,演員的天賦（如：唱歌）Actor/actress’s talent(e.g. singing),4.0,2,27.0,女性 Female,台灣,大學/專科 Bachelor degree,"Dcard, Facebook, Instagram",baibai78978@gmail.com,,White
2023-05-22 19:28:07.738,是 Yes,1.0,2,1.0,2.0,4.0,4.0,5.0,2.0,4.0,3.0,4.0,4.0,4.0,4.0,原著卡通的還原度 How matches with the original cartoon,網路聲量/口碑 Word of mouth,原著劇情 Original story plot,4.0,-3,22.0,女性 Female,台灣,高中 High school,Instagram,90213a903399@gmail.com,,White
2023-05-22 19:31:52.729,是 Yes,1.0,5,1.0,5.0,1.0,1.0,5.0,5.0,4.0,1.0,2.0,3.0,3.0,3.0,親友推薦 Recommendations from friends,原著劇情 Original story plot,演員的知名度 Actor/actress’s reputation,2.0,5,21.0,女性 Female,Irish,高中 High school,Instagram,aoife1.darcy@gmail.com,,White
2023-05-22 19:32:54.477,是 Yes,1.0,-5,1.0,1.0,5.0,5.0,5.0,1.0,5.0,1.0,5.0,5.0,5.0,5.0,原著卡通的還原度 How matches with the original cartoon,演員的天賦（如：唱歌）Actor/actress’s talent(e.g. singing),演員的美貌 Actor/actress’s beauty,5.0,-5,24.0,女性 Female,Canadian,大學/專科 Bachelor degree,"Reddit, Twitter, Facebook, Instagram, TikTok",marylee@gmail.com,#NotMyAriel,White
2023-05-22 19:43:09.171,是 Yes,1.0,5,1.0,5.0,3.0,3.0,4.0,5.0,2.0,3.0,3.0,3.0,3.0,3.0,演員的美貌 Actor/actress’s beauty,演員的天賦（如：唱歌）Actor/actress’s talent(e.g. singing),演員的知名度 Actor/actress’s reputation,3.0,3,38.0,女性 Female,台灣,高中 High school,"Facebook, Instagram",love_311382@yahoo.com.tw,NO,White
2023-05-22 19:43:56.651,是 Yes,1.0,5,1.0,3.0,4.0,5.0,5.0,2.0,5.0,1.0,5.0,5.0,5.0,5.0,原著卡通的還原度 How matches with the original cartoon,演員的知名度 Actor/actress’s reputation,網路聲量/口碑 Word of mouth,4.0,2,20.0,女性 Female,ROC,大學/專科 Bachelor degree,"Dcard, Facebook, Instagram",110509107@g.nccu.edu.tw,,White
2023-05-22 19:46:00.084,是 Yes,1.0,5,1.0,4.0,2.0,3.0,5.0,3.0,5.0,1.0,5.0,5.0,5.0,5.0,原著卡通的還原度 How matches with the original cartoon,演員的天賦（如：唱歌）Actor/actress’s talent(e.g. singing),原著劇情 Original story plot,4.0,-2,20.0,女性 Female,中華民國,高中 High school,"Facebook, Instagram",lishuang98102@gmail.com,,White
2023-05-22 19:51:52.309,是 Yes,1.0,1,1.0,5.0,1.0,1.0,5.0,3.0,1.0,1.0,1.0,1.0,1.0,1.0,原著卡通的還原度 How matches with the original cartoon,原著劇情 Original story plot,演員的天賦（如：唱歌）Actor/actress’s talent(e.g. singing),3.0,1,19.0,男性 Male,Swedish 🇸🇪,高中 High school,"Reddit, Twitter, TikTok",gencsadikaj10@gmail.com ,👍,White
2023-05-22 20:01:59.857,是 Yes,1.0,2,1.0,5.0,1.0,2.0,4.0,3.0,4.0,2.0,4.0,2.0,2.0,2.0,原著劇情 Original story plot,網路聲量/口碑 Word of mouth,演員的美貌 Actor/actress’s beauty,3.0,1,16.0,女性 Female,台灣,高中 High school,"Twitter, Dcard, Instagram, TikTok",haung950815@gmail.com,無,White
2023-05-22 20:13:28.312,是 Yes,1.0,2,1.0,4.0,2.0,2.0,2.0,3.0,3.0,2.0,2.0,2.0,2.0,3.0,演員的知名度 Actor/actress’s reputation,網路聲量/口碑 Word of mouth,原著劇情 Original story plot,4.0,-1,25.0,女性 Female,台灣,研究所及以上 Master degree or above,Instagram,zxc6820782@gmail.com,,White
2023-05-22 20:15:04.220,是 Yes,1.0,5,1.0,5.0,2.0,2.0,3.0,3.0,5.0,2.0,3.0,3.0,3.0,3.0,原著卡通的還原度 How matches with the original cartoon,原著劇情 Original story plot,網路聲量/口碑 Word of mouth,3.0,4,22.0,女性 Female,台灣,大學/專科 Bachelor degree,Instagram,Jiaye418@gmail.com,,White
2023-05-22 20:24:22.754,是 Yes,1.0,4,1.0,5.0,3.0,3.0,4.0,4.0,4.0,2.0,4.0,4.0,4.0,4.0,原著卡通的還原度 How matches with the original cartoon,演員的知名度 Actor/actress’s reputation,原著劇情 Original story plot,4.0,-1,22.0,女性 Female,台灣,大學/專科 Bachelor degree,"Twitter, Dcard, Instagram",shamy900310@gmail.com,,White
2023-05-22 20:32:14.336,是 Yes,1.0,2,1.0,5.0,1.0,1.0,3.0,5.0,2.0,3.0,1.0,1.0,2.0,2.0,原著卡通的還原度 How matches with the original cartoon,原著劇情 Original story plot,演員的天賦（如：唱歌）Actor/actress’s talent(e.g. singing),3.0,-2,38.0,女性 Female,台灣,大學/專科 Bachelor degree,Facebook,gillya0928@yahoo.com.tw,題目太多,White
2023-05-22 20:43:11.322,是 Yes,1.0,2,1.0,4.0,2.0,3.0,4.0,4.0,4.0,2.0,3.0,3.0,2.0,3.0,原著卡通的還原度 How matches with the original cartoon,親友推薦 Recommendations from friends,演員的美貌 Actor/actress’s beauty,4.0,4,24.0,女性 Female,台灣,研究所及以上 Master degree or above,Instagram,sinsin31303@gmail.com,,White
2023-05-22 20:47:56.950,是 Yes,1.0,4,1.0,4.0,5.0,2.0,5.0,5.0,4.0,1.0,5.0,4.0,5.0,4.0,原著卡通的還原度 How matches with the original cartoon,原著劇情 Original story plot,演員的美貌 Actor/actress’s beauty,5.0,-2,32.0,男性 Male,中華民國,大學/專科 Bachelor degree,"Dcard, PTT, Facebook, Instagram",j3186ster@gmail.com,,White
2023-05-22 21:09:01.628,是 Yes,1.0,3,1.0,4.0,2.0,2.0,4.0,4.0,3.0,3.0,3.0,3.0,3.0,3.0,演員的知名度 Actor/actress’s reputation,原著劇情 Original story plot,原著卡通的還原度 How matches with the original cartoon,2.0,2,43.0,男性 Male,台灣,大學/專科 Bachelor degree,"Facebook, Instagram, TikTok",edisonfu08@gmail.com,,White
2023-05-22 21:09:33.506,是 Yes,1.0,4,1.0,5.0,1.0,1.0,3.0,4.0,2.0,2.0,4.0,3.0,2.0,3.0,原著劇情 Original story plot,親友推薦 Recommendations from friends,網路聲量/口碑 Word of mouth,2.0,3,36.0,女性 Female,Taiwan,研究所及以上 Master degree or above,"PTT, Facebook, Instagram",whatever.nothing@hotmail.com,可以放一些預告片,White
2023-05-22 21:17:31.273,是 Yes,1.0,-4,1.0,3.0,3.0,3.0,5.0,2.0,4.0,1.0,3.0,3.0,3.0,3.0,原著卡通的還原度 How matches with the original cartoon,網路聲量/口碑 Word of mouth,親友推薦 Recommendations from friends,5.0,-2,21.0,女性 Female,台灣,大學/專科 Bachelor degree,"Dcard, Facebook, Instagram",108601056@g.nccu.edu.tw,,White
2023-05-22 21:19:11.663,是 Yes,1.0,2,1.0,4.0,2.0,3.0,5.0,3.0,5.0,1.0,3.0,4.0,4.0,4.0,原著卡通的還原度 How matches with the original cartoon,演員的美貌 Actor/actress’s beauty,網路聲量/口碑 Word of mouth,4.0,-2,19.0,女性 Female,台灣,大學/專科 Bachelor degree,"Dcard, Facebook, Instagram",minyun3010@gmail.com,,White
2023-05-22 21:21:51.801,是 Yes,1.0,5,1.0,2.0,4.0,4.0,2.0,2.0,5.0,2.0,4.0,4.0,4.0,4.0,原著卡通的還原度 How matches with the original cartoon,原著劇情 Original story plot,演員的天賦（如：唱歌）Actor/actress’s talent(e.g. singing),3.0,1,19.0,男性 Male,Korea,大學/專科 Bachelor degree,Instagram,link915@naver.com,👍,White
2023-05-22 21:22:54.120,是 Yes,1.0,-2,1.0,4.0,3.0,2.0,4.0,4.0,3.0,1.0,3.0,3.0,3.0,3.0,原著卡通的還原度 How matches with the original cartoon,網路聲量/口碑 Word of mouth,親友推薦 Recommendations from friends,4.0,2,19.0,女性 Female,臺灣,大學/專科 Bachelor degree,"Twitter, Instagram",xixilan616@gmail.com,,White
2023-05-22 21:26:02.027,是 Yes,1.0,-5,1.0,1.0,5.0,5.0,5.0,2.0,3.0,3.0,3.0,3.0,3.0,3.0,原著卡通的還原度 How matches with the original cartoon,演員的膚色 Actor/actress’s skin color,演員的美貌 Actor/actress’s beauty,4.0,-3,22.0,男性 Male,台灣,大學/專科 Bachelor degree,"Reddit, Twitter, Facebook, Instagram",chiung56@ms13.hinet.net,,White
2023-05-22 21:27:33.700,是 Yes,1.0,-5,1.0,1.0,5.0,5.0,5.0,1.0,4.0,1.0,2.0,2.0,2.0,2.0,原著卡通的還原度 How matches with the original cartoon,演員的膚色 Actor/actress’s skin color,演員的知名度 Actor/actress’s reputation,5.0,-3,19.0,女性 Female,Taiwan,大學/專科 Bachelor degree,Facebook,wangrecons@yahoo.com.tw,,White
2023-05-22 21:34:08.181,是 Yes,1.0,-5,1.0,1.0,5.0,5.0,5.0,1.0,5.0,1.0,5.0,5.0,5.0,5.0,原著卡通的還原度 How matches with the original cartoon,原著劇情 Original story plot,演員的知名度 Actor/actress’s reputation,3.0,-5,20.0,男性 Male,Taiwan,大學/專科 Bachelor degree,Instagram,gjkm251020@gmail.com ,,White
2023-05-22 21:35:13.506,是 Yes,1.0,-4,1.0,3.0,2.0,1.0,3.0,3.0,4.0,2.0,3.0,2.0,3.0,2.0,網路聲量/口碑 Word of mouth,演員的天賦（如：唱歌）Actor/actress’s talent(e.g. singing),原著劇情 Original story plot,2.0,-2,25.0,男性 Male,South Korea,大學/專科 Bachelor degree,"Instagram, Youtube",  ,😀,White
2023-05-22 21:35:20.577,是 Yes,0.0,-5,0.0,2.0,5.0,5.0,5.0,1.0,4.0,2.0,5.0,5.0,5.0,5.0,原著卡通的還原度 How matches with the original cartoon,演員的膚色 Actor/actress’s skin color,演員的美貌 Actor/actress’s beauty,5.0,-4,21.0,男性 Male,Taiwan,大學/專科 Bachelor degree,Dcard,s108103027@mail1.ncnu.edu.tw ,,White
2023-05-22 21:36:33.368,是 Yes,1.0,-5,1.0,1.0,5.0,5.0,5.0,1.0,3.0,3.0,3.0,3.0,3.0,3.0,原著卡通的還原度 How matches with the original cartoon,原著劇情 Original story plot,演員的美貌 Actor/actress’s beauty,5.0,-5,22.0,非二元性別 Nonbinary,Taiwan,大學/專科 Bachelor degree,Twitter,ychsiao24@gmail.com ,,White
2023-05-22 21:37:39.505,是 Yes,1.0,5,1.0,5.0,1.0,1.0,5.0,5.0,5.0,1.0,5.0,5.0,5.0,5.0,演員的知名度 Actor/actress’s reputation,演員的美貌 Actor/actress’s beauty,網路聲量/口碑 Word of mouth,5.0,5,22.0,女性 Female,Taiwan,大學/專科 Bachelor degree,PTT,yjxiao524@gmail.com ,,White
2023-05-22 21:42:12.908,是 Yes,1.0,3,1.0,4.0,3.0,2.0,4.0,4.0,4.0,2.0,3.0,4.0,4.0,4.0,原著卡通的還原度 How matches with the original cartoon,原著劇情 Original story plot,演員的知名度 Actor/actress’s reputation,5.0,4,18.0,男性 Male,台灣,高中 High school,"Facebook, Instagram, TikTok",910730@gm.tntcsh.tan.edu.tw,無,White
2023-05-22 21:42:47.085,是 Yes,1.0,-1,1.0,4.0,2.0,2.0,4.0,1.0,4.0,1.0,4.0,5.0,5.0,5.0,原著卡通的還原度 How matches with the original cartoon,演員的天賦（如：唱歌）Actor/actress’s talent(e.g. singing),親友推薦 Recommendations from friends,5.0,-4,23.0,女性 Female,South Korea ,高中 High school,Instagram,ajm9908@naver.com,,White
2023-05-22 21:51:31.472,是 Yes,1.0,3,1.0,5.0,1.0,1.0,4.0,4.0,5.0,2.0,3.0,3.0,3.0,3.0,演員的天賦（如：唱歌）Actor/actress’s talent(e.g. singing),演員的知名度 Actor/actress’s reputation,原著劇情 Original story plot,3.0,3,21.0,女性 Female,台灣,大學/專科 Bachelor degree,"Twitter, Dcard, Facebook, Instagram",tiffanychen530@gmail.com,,White
2023-05-22 21:52:20.653,是 Yes,1.0,-2,1.0,2.0,4.0,4.0,4.0,3.0,4.0,2.0,5.0,5.0,5.0,5.0,原著卡通的還原度 How matches with the original cartoon,原著劇情 Original story plot,演員的美貌 Actor/actress’s beauty,5.0,3,21.0,男性 Male,台灣,大學/專科 Bachelor degree,"Facebook, Instagram",superjackytsai@gmail.com,,White
2023-05-22 21:55:35.443,是 Yes,1.0,-1,1.0,2.0,3.0,2.0,3.0,1.0,2.0,3.0,5.0,4.0,3.0,4.0,原著劇情 Original story plot,親友推薦 Recommendations from friends,原著卡通的還原度 How matches with the original cartoon,5.0,1,24.0,男性 Male,Corea,大學/專科 Bachelor degree,Instagram,dynasty07@naver.com,辛苦了,White
2023-05-22 22:05:54.869,是 Yes,1.0,4,1.0,5.0,1.0,1.0,4.0,5.0,1.0,2.0,2.0,2.0,2.0,2.0,原著卡通的還原度 How matches with the original cartoon,網路聲量/口碑 Word of mouth,演員的知名度 Actor/actress’s reputation,5.0,3,25.0,女性 Female,台灣,大學/專科 Bachelor degree,Instagram,kelly860912young@gmail.com,,White
2023-05-22 22:06:51.341,是 Yes,1.0,5,1.0,5.0,2.0,2.0,5.0,3.0,5.0,1.0,5.0,5.0,5.0,5.0,原著卡通的還原度 How matches with the original cartoon,原著劇情 Original story plot,演員的天賦（如：唱歌）Actor/actress’s talent(e.g. singing),4.0,3,22.0,女性 Female,你猜啊,大學/專科 Bachelor degree,"Facebook, Instagram, TikTok",vickyshinj171746@gmail.com,,White
2023-05-22 22:07:24.624,是 Yes,1.0,1,1.0,3.0,4.0,4.0,5.0,1.0,4.0,2.0,4.0,4.0,4.0,5.0,原著卡通的還原度 How matches with the original cartoon,原著劇情 Original story plot,網路聲量/口碑 Word of mouth,5.0,-3,22.0,女性 Female,R.O.C 中華民國,大學/專科 Bachelor degree,Facebook,a0970815813@gmail.com ,,White
2023-05-22 22:15:05.841,是 Yes,1.0,-2,1.0,2.0,4.0,4.0,5.0,1.0,5.0,2.0,2.0,2.0,2.0,2.0,原著劇情 Original story plot,原著卡通的還原度 How matches with the original cartoon,網路聲量/口碑 Word of mouth,5.0,1,21.0,男性 Male,Taiwan,高中 High school,"PTT, Instagram",john97095@gmail.com,,White
2023-05-22 22:21:58.565,是 Yes,1.0,5,1.0,4.0,2.0,3.0,5.0,3.0,5.0,1.0,4.0,4.0,5.0,4.0,原著卡通的還原度 How matches with the original cartoon,原著劇情 Original story plot,演員的天賦（如：唱歌）Actor/actress’s talent(e.g. singing),5.0,-3,21.0,女性 Female,台灣,大學/專科 Bachelor degree,"Reddit, Twitter, Dcard, Facebook, Instagram, TikTok",Nope,辛苦了 期末加油！,White
2023-05-22 22:22:28.994,是 Yes,1.0,4,1.0,5.0,1.0,1.0,4.0,3.0,4.0,1.0,3.0,3.0,3.0,3.0,原著卡通的還原度 How matches with the original cartoon,原著劇情 Original story plot,網路聲量/口碑 Word of mouth,4.0,-2,22.0,女性 Female,台灣,大學/專科 Bachelor degree,"Facebook, Instagram",107305004@nccu.edu.tw,,White
2023-05-22 22:31:44.281,是 Yes,1.0,-3,1.0,2.0,3.0,4.0,5.0,2.0,2.0,2.0,3.0,2.0,1.0,1.0,原著劇情 Original story plot,原著卡通的還原度 How matches with the original cartoon,演員的天賦（如：唱歌）Actor/actress’s talent(e.g. singing),4.0,-1,24.0,男性 Male,台灣,大學/專科 Bachelor degree,"Reddit, Twitter, Facebook, Instagram",linqusee@gmail.com,,White
2023-05-22 22:37:22.711,是 Yes,1.0,3,1.0,2.0,4.0,4.0,3.0,2.0,4.0,1.0,4.0,4.0,4.0,4.0,原著卡通的還原度 How matches with the original cartoon,網路聲量/口碑 Word of mouth,演員的美貌 Actor/actress’s beauty,3.0,-2,21.0,女性 Female,Taiwan,大學/專科 Bachelor degree,"Dcard, Instagram",109304050@nccu.edu.tw,,White
2023-05-22 22:49:19.904,是 Yes,1.0,2,1.0,3.0,1.0,1.0,4.0,2.0,3.0,1.0,3.0,3.0,1.0,1.0,原著劇情 Original story plot,原著卡通的還原度 How matches with the original cartoon,演員的天賦（如：唱歌）Actor/actress’s talent(e.g. singing),4.0,2,21.0,女性 Female,France ,大學/專科 Bachelor degree,Instagram,azeleroux@gmail.com,"Just a quick note, I think Disney is doing too much in terms of « inclusivity », and it’s more for the image rather then actually focus on the actor’s talent, so even if I don’t mind the fact that the live action character looks different then the cartoon, I feel like the Disney company isn’t really good in terms of ethics ",White
2023-05-22 22:52:59.457,是 Yes,1.0,4,1.0,5.0,2.0,1.0,4.0,3.0,4.0,3.0,2.0,2.0,2.0,2.0,原著劇情 Original story plot,親友推薦 Recommendations from friends,演員的天賦（如：唱歌）Actor/actress’s talent(e.g. singing),5.0,3,22.0,女性 Female,德國,高中 High school,"Facebook, Instagram, Snapchat",lisaminelly@gmx.de,,White
2023-05-22 22:54:55.198,是 Yes,1.0,1,1.0,4.0,1.0,1.0,2.0,3.0,1.0,4.0,3.0,1.0,2.0,2.0,原著卡通的還原度 How matches with the original cartoon,網路聲量/口碑 Word of mouth,演員的知名度 Actor/actress’s reputation,4.0,3,54.0,男性 Male,台灣,研究所及以上 Master degree or above,Facebook,no,,White
2023-05-22 23:05:13.506,是 Yes,1.0,-2,1.0,4.0,1.0,1.0,4.0,3.0,3.0,4.0,1.0,1.0,1.0,1.0,原著劇情 Original story plot,演員的天賦（如：唱歌）Actor/actress’s talent(e.g. singing),原著卡通的還原度 How matches with the original cartoon,5.0,2,21.0,女性 Female,French ,大學/專科 Bachelor degree,Instagram,spxrklyrainbow@gmail.com,,White
2023-05-22 23:11:25.898,是 Yes,1.0,-4,1.0,3.0,3.0,2.0,3.0,2.0,4.0,2.0,1.0,1.0,1.0,1.0,演員的美貌 Actor/actress’s beauty,網路聲量/口碑 Word of mouth,原著卡通的還原度 How matches with the original cartoon,4.0,-1,22.0,女性 Female,台灣,大學/專科 Bachelor degree,"Instagram, TikTok",a90042193@gmail.com,研究加油～,White
2023-05-22 23:34:22.133,是 Yes,1.0,2,1.0,2.0,2.0,2.0,4.0,3.0,5.0,2.0,3.0,4.0,3.0,3.0,原著卡通的還原度 How matches with the original cartoon,演員的天賦（如：唱歌）Actor/actress’s talent(e.g. singing),網路聲量/口碑 Word of mouth,4.0,-1,25.0,女性 Female,台灣,研究所及以上 Master degree or above,Instagram,qazzecd@gmail.com,,White
2023-05-22 23:37:15.710,是 Yes,1.0,-1,1.0,4.0,1.0,1.0,4.0,3.0,5.0,1.0,3.0,3.0,3.0,3.0,網路聲量/口碑 Word of mouth,原著劇情 Original story plot,原著卡通的還原度 How matches with the original cartoon,2.0,-3,22.0,女性 Female,中華民國,大學/專科 Bachelor degree,"Dcard, Facebook, Instagram",不用！感謝～～,,White
2023-05-23 00:03:12.052,是 Yes,1.0,-5,1.0,2.0,3.0,4.0,3.0,1.0,2.0,2.0,2.0,1.0,1.0,1.0,演員的美貌 Actor/actress’s beauty,原著卡通的還原度 How matches with the original cartoon,網路聲量/口碑 Word of mouth,5.0,-2,24.0,男性 Male,South Korea,高中 High school,"Instagram, kakaotalk",x,Kyungnghee Univ. Fighting,White
2023-05-23 00:13:03.445,是 Yes,1.0,-3,1.0,3.0,4.0,4.0,3.0,2.0,2.0,4.0,4.0,2.0,1.0,2.0,原著卡通的還原度 How matches with the original cartoon,親友推薦 Recommendations from friends,網路聲量/口碑 Word of mouth,3.0,-3,22.0,女性 Female,台灣,大學/專科 Bachelor degree,"Dcard, Facebook, Instagram",spplef6316@gmail.com,,White
2023-05-23 00:32:20.356,是 Yes,1.0,4,1.0,2.0,3.0,3.0,4.0,3.0,5.0,1.0,5.0,4.0,5.0,5.0,原著劇情 Original story plot,原著卡通的還原度 How matches with the original cartoon,演員的膚色 Actor/actress’s skin color,4.0,1,20.0,女性 Female,台灣,高中 High school,Instagram,lan920109@gmail.com,,White
2023-05-23 00:38:16.983,是 Yes,1.0,4,1.0,4.0,1.0,2.0,5.0,3.0,3.0,2.0,2.0,3.0,3.0,3.0,網路聲量/口碑 Word of mouth,親友推薦 Recommendations from friends,演員的美貌 Actor/actress’s beauty,4.0,3,19.0,女性 Female,台灣,大學/專科 Bachelor degree,"Facebook, Instagram",沒tag好友，純粹覺得問卷有趣幫忙填,,White
2023-05-23 00:44:11.684,是 Yes,1.0,2,1.0,4.0,3.0,4.0,4.0,3.0,5.0,2.0,2.0,4.0,4.0,4.0,原著劇情 Original story plot,網路聲量/口碑 Word of mouth,原著卡通的還原度 How matches with the original cartoon,4.0,-2,22.0,女性 Female,台灣,大學/專科 Bachelor degree,"Dcard, Facebook, Instagram",cho122023@gmail.com,,White
2023-05-23 00:46:20.491,是 Yes,1.0,1,1.0,5.0,2.0,2.0,4.0,5.0,2.0,3.0,3.0,1.0,1.0,1.0,原著卡通的還原度 How matches with the original cartoon,演員的知名度 Actor/actress’s reputation,網路聲量/口碑 Word of mouth,4.0,1,19.0,女性 Female,台灣,大學/專科 Bachelor degree,"Dcard, Facebook, Instagram",h34116941@gs.ncku.edu.tw,無,White
2023-05-23 00:51:45.625,是 Yes,1.0,5,1.0,5.0,1.0,1.0,5.0,3.0,4.0,3.0,3.0,3.0,3.0,2.0,原著劇情 Original story plot,演員的天賦（如：唱歌）Actor/actress’s talent(e.g. singing),親友推薦 Recommendations from friends,3.0,5,21.0,女性 Female,American ,高中 High school,"Instagram, TikTok, Snapchat",111103105@nccu.edu.tw ,,White
2023-05-23 00:59:21.928,是 Yes,1.0,-3,1.0,4.0,2.0,3.0,4.0,2.0,3.0,2.0,2.0,2.0,2.0,3.0,原著卡通的還原度 How matches with the original cartoon,演員的美貌 Actor/actress’s beauty,演員的天賦（如：唱歌）Actor/actress’s talent(e.g. singing),5.0,-2,23.0,女性 Female,Taiwan,大學/專科 Bachelor degree,"Dcard, Instagram",oliviachu0828@gmail.com,,White
2023-05-23 01:46:09.382,是 Yes,1.0,-4,1.0,3.0,4.0,2.0,4.0,2.0,1.0,4.0,4.0,1.0,1.0,1.0,原著卡通的還原度 How matches with the original cartoon,網路聲量/口碑 Word of mouth,演員的天賦（如：唱歌）Actor/actress’s talent(e.g. singing),4.0,-3,22.0,女性 Female,台灣,大學/專科 Bachelor degree,Instagram,sharon4032022@gmail.com,,White
2023-05-23 02:04:48.965,是 Yes,1.0,1,1.0,4.0,2.0,2.0,3.0,4.0,2.0,3.0,2.0,3.0,2.0,2.0,原著劇情 Original story plot,親友推薦 Recommendations from friends,原著卡通的還原度 How matches with the original cartoon,4.0,3,20.0,男性 Male,台灣,大學/專科 Bachelor degree,Instagram,drumlc1024@gmail.com,,White
2023-05-23 02:24:48.594,是 Yes,1.0,4,1.0,2.0,4.0,4.0,5.0,2.0,4.0,2.0,3.0,3.0,3.0,4.0,原著卡通的還原度 How matches with the original cartoon,演員的美貌 Actor/actress’s beauty,演員的天賦（如：唱歌）Actor/actress’s talent(e.g. singing),4.0,-3,24.0,女性 Female,台灣,大學/專科 Bachelor degree,"Twitter, Dcard, Instagram",ankechang1793@gmail.com,,White
2023-05-23 02:33:40.312,是 Yes,1.0,3,1.0,5.0,1.0,1.0,5.0,5.0,2.0,2.0,4.0,3.0,3.0,5.0,原著卡通的還原度 How matches with the original cartoon,演員的天賦（如：唱歌）Actor/actress’s talent(e.g. singing),網路聲量/口碑 Word of mouth,5.0,3,21.0,女性 Female,台灣,大學/專科 Bachelor degree,"Dcard, PTT, Facebook, Instagram",c109118238@nkust.edu.tw,無,White
2023-05-23 03:30:44.210,是 Yes,1.0,4,1.0,3.0,3.0,2.0,5.0,2.0,5.0,1.0,4.0,4.0,4.0,4.0,原著劇情 Original story plot,原著卡通的還原度 How matches with the original cartoon,網路聲量/口碑 Word of mouth,5.0,-4,23.0,女性 Female,中華民國/台灣/ROC,研究所及以上 Master degree or above,"Dcard, Facebook, Instagram",uharu0914@gmail.com,,White
2023-05-23 06:36:24.579,是 Yes,1.0,-5,1.0,3.0,2.0,3.0,2.0,4.0,3.0,3.0,2.0,2.0,1.0,2.0,網路聲量/口碑 Word of mouth,演員的美貌 Actor/actress’s beauty,親友推薦 Recommendations from friends,4.0,-5,19.0,男性 Male,台灣,高中 High school,"Facebook, Instagram",111701023@nccu.edu.tw,,White
2023-05-23 07:14:22.110,是 Yes,1.0,5,0.0,3.0,3.0,2.0,2.0,1.0,4.0,1.0,4.0,4.0,5.0,5.0,原著卡通的還原度 How matches with the original cartoon,演員的天賦（如：唱歌）Actor/actress’s talent(e.g. singing),演員的美貌 Actor/actress’s beauty,3.0,-3,25.0,男性 Male,ROK,大學/專科 Bachelor degree,"Facebook, Instagram",tashi7@naver.com,,White
2023-05-23 09:03:27.055,是 Yes,1.0,-4,1.0,2.0,4.0,4.0,5.0,3.0,5.0,1.0,4.0,4.0,4.0,4.0,原著卡通的還原度 How matches with the original cartoon,演員的天賦（如：唱歌）Actor/actress’s talent(e.g. singing),演員的美貌 Actor/actress’s beauty,4.0,-4,28.0,女性 Female,台灣,大學/專科 Bachelor degree,"PTT, Instagram",judypomelo@gmail.com,,White
2023-05-23 09:38:16.075,是 Yes,1.0,-1,1.0,3.0,4.0,3.0,5.0,2.0,4.0,1.0,3.0,4.0,4.0,4.0,原著卡通的還原度 How matches with the original cartoon,演員的天賦（如：唱歌）Actor/actress’s talent(e.g. singing),演員的知名度 Actor/actress’s reputation,5.0,-2,21.0,女性 Female,台灣,大學/專科 Bachelor degree,"Dcard, Facebook, Instagram",alison123.lucky@gmail.com,,White
2023-05-23 09:49:09.793,是 Yes,1.0,1,1.0,5.0,2.0,2.0,3.0,3.0,3.0,1.0,3.0,3.0,3.0,3.0,原著劇情 Original story plot,網路聲量/口碑 Word of mouth,親友推薦 Recommendations from friends,5.0,1,26.0,女性 Female,臺灣,大學/專科 Bachelor degree,"Dcard, Facebook, Instagram",mm510031@gmail.com,,White
2023-05-23 09:52:03.823,是 Yes,0.0,-5,1.0,1.0,1.0,1.0,4.0,2.0,3.0,1.0,3.0,2.0,2.0,2.0,我從來不觀看迪士尼電影 I never watch Disney movie,我從來不觀看迪士尼電影 I never watch Disney movie,我從來不觀看迪士尼電影 I never watch Disney movie,4.0,-4,22.0,女性 Female,Korea,大學/專科 Bachelor degree,Instagram,yyssk1004@naver.com,,White
2023-05-23 09:54:01.324,是 Yes,1.0,-1,1.0,4.0,2.0,3.0,4.0,3.0,4.0,2.0,4.0,4.0,4.0,4.0,原著卡通的還原度 How matches with the original cartoon,原著劇情 Original story plot,親友推薦 Recommendations from friends,5.0,1,24.0,女性 Female,中華民國,大學/專科 Bachelor degree,"Facebook, Instagram",1128106ana@gmail.com,,White
2023-05-23 10:21:44.309,是 Yes,1.0,2,1.0,3.0,3.0,3.0,3.0,3.0,5.0,2.0,4.0,4.0,4.0,4.0,原著劇情 Original story plot,網路聲量/口碑 Word of mouth,演員的知名度 Actor/actress’s reputation,2.0,2,21.0,女性 Female,中華民國,大學/專科 Bachelor degree,"Dcard, Facebook, Instagram",109207404@nccu.edu.tw,,White
2023-05-23 11:22:48.124,是 Yes,1.0,3,1.0,4.0,4.0,3.0,4.0,3.0,4.0,2.0,4.0,4.0,4.0,4.0,原著卡通的還原度 How matches with the original cartoon,演員的天賦（如：唱歌）Actor/actress’s talent(e.g. singing),原著劇情 Original story plot,4.0,3,19.0,女性 Female,臺灣,大學/專科 Bachelor degree,"Dcard, Facebook, Instagram",40117cindy@gmail.com,無 辛苦了,White
2023-05-23 11:57:36.342,是 Yes,0.0,-4,1.0,4.0,3.0,3.0,4.0,2.0,5.0,1.0,1.0,4.0,4.0,3.0,原著劇情 Original story plot,網路聲量/口碑 Word of mouth,親友推薦 Recommendations from friends,3.0,-4,19.0,女性 Female,台灣,高中 High school,"Facebook, Instagram",111304012@g.nccu.edu.tw,,White
2023-05-23 12:17:39.769,是 Yes,1.0,3,1.0,5.0,1.0,1.0,5.0,3.0,4.0,1.0,3.0,3.0,3.0,3.0,原著劇情 Original story plot,親友推薦 Recommendations from friends,演員的知名度 Actor/actress’s reputation,4.0,4,21.0,女性 Female,英國人,大學/專科 Bachelor degree,"Twitter, Instagram, TikTok",Bethanye90@gmail.com,,White
2023-05-23 13:01:56.088,是 Yes,1.0,5,1.0,5.0,3.0,3.0,5.0,3.0,5.0,1.0,5.0,5.0,5.0,5.0,原著劇情 Original story plot,原著卡通的還原度 How matches with the original cartoon,演員的美貌 Actor/actress’s beauty,3.0,-5,22.0,女性 Female,臺灣,大學/專科 Bachelor degree,"Dcard, Facebook, Instagram",ycteng18@gmail.com,,White
2023-05-23 13:19:24.064,是 Yes,1.0,3,1.0,3.0,1.0,2.0,4.0,4.0,4.0,1.0,3.0,5.0,5.0,5.0,原著卡通的還原度 How matches with the original cartoon,原著劇情 Original story plot,網路聲量/口碑 Word of mouth,5.0,3,18.0,女性 Female,台灣,高中 High school,"Dcard, Facebook, Instagram",111102040@g.nccu.edu.tw,,White
2023-05-21 23:03:58.013,是 Yes,1.0,3,1.0,4.0,2.0,1.0,5.0,4.0,5.0,1.0,3.0,3.0,3.0,2.0,原著劇情 Original story plot,演員的天賦（如：唱歌）Actor/actress’s talent(e.g. singing),親友推薦 Recommendations from friends,4.0,3,28.0,女性 Female,臺灣,大學/專科 Bachelor degree,"Dcard, PTT, Facebook, Instagram",melody84312@gmail.com,,Yellow
2023-05-21 23:05:19.473,是 Yes,1.0,1,1.0,3.0,3.0,3.0,4.0,3.0,4.0,3.0,3.0,3.0,3.0,3.0,原著卡通的還原度 How matches with the original cartoon,演員的天賦（如：唱歌）Actor/actress’s talent(e.g. singing),親友推薦 Recommendations from friends,4.0,1,58.0,女性 Female,中華民國,研究所及以上 Master degree or above,Facebook,melody624@tn.edu.tw,無,Yellow
2023-05-21 23:06:23.644,是 Yes,1.0,5,1.0,5.0,1.0,1.0,2.0,4.0,4.0,2.0,4.0,3.0,3.0,3.0,原著卡通的還原度 How matches with the original cartoon,演員的美貌 Actor/actress’s beauty,網路聲量/口碑 Word of mouth,5.0,-4,30.0,女性 Female,Taiwan,研究所及以上 Master degree or above,"Dcard, PTT, Facebook, Instagram",doris23960@gmail.com,,Yellow
2023-05-21 23:06:59.286,是 Yes,1.0,4,1.0,4.0,1.0,1.0,5.0,3.0,3.0,1.0,3.0,3.0,3.0,3.0,原著卡通的還原度 How matches with the original cartoon,原著劇情 Original story plot,親友推薦 Recommendations from friends,5.0,3,28.0,女性 Female,台灣,大學/專科 Bachelor degree,"PTT, Facebook, Instagram, TikTok",50428gigi@gmail.com,,Yellow
2023-05-21 23:10:19.839,是 Yes,1.0,-3,1.0,5.0,1.0,1.0,3.0,3.0,4.0,1.0,1.0,1.0,1.0,1.0,演員的天賦 （如：唱歌）Actor/actress’s talent (e.g. singing),原著劇情 Original story plot,原著卡通的還原度 How matches with the original cartoon,4.0,1,22.0,男性 Male,台灣,大學/專科 Bachelor degree,"Facebook, Instagram",weichaila@gmail.com,,Yellow
2023-05-21 23:33:15.218,是 Yes,1.0,4,1.0,5.0,1.0,1.0,5.0,5.0,4.0,1.0,4.0,3.0,3.0,4.0,原著卡通的還原度 How matches with the original cartoon,原著劇情 Original story plot,演員的天賦（如：唱歌）Actor/actress’s talent(e.g. singing),4.0,4,28.0,女性 Female,台灣,大學/專科 Bachelor degree,"Facebook, Instagram",tglyingying@gmail.com,,Yellow
2023-05-21 23:41:52.778,是 Yes,1.0,-2,1.0,5.0,1.0,1.0,5.0,3.0,3.0,1.0,3.0,3.0,3.0,3.0,演員的天賦 （如：唱歌）Actor/actress’s talent (e.g. singing),網路聲量/口碑 Word of mouth,原著卡通的還原度 How matches with the original cartoon,3.0,2,21.0,非二元性別 Nonbinary,white american,高中 High school,"Instagram, TikTok",ralston64@outlook.com,,Yellow
2023-05-21 23:46:25.941,是 Yes,1.0,5,1.0,4.0,1.0,1.0,4.0,5.0,3.0,3.0,3.0,3.0,3.0,3.0,原著劇情 Original story plot,演員的天賦（如：唱歌）Actor/actress’s talent(e.g. singing),演員的美貌 Actor/actress’s beauty,3.0,4,33.0,女性 Female,台灣,大學/專科 Bachelor degree,Instagram,lovebear202935@gmail.com,,Yellow
2023-05-22 00:16:37.726,是 Yes,1.0,3,1.0,3.0,2.0,2.0,4.0,3.0,5.0,2.0,1.0,3.0,3.0,3.0,原著劇情 Original story plot,原著卡通的還原度 How matches with the original cartoon,演員的天賦（如：唱歌）Actor/actress’s talent(e.g. singing),4.0,3,21.0,女性 Female,Taiwan,大學/專科 Bachelor degree,"Dcard, Facebook, Instagram",rose072016@gmail.com,,Yellow
2023-05-22 00:24:52.435,是 Yes,1.0,4,1.0,5.0,1.0,1.0,3.0,5.0,5.0,1.0,4.0,4.0,4.0,5.0,原著卡通的還原度 How matches with the original cartoon,演員的天賦（如：唱歌）Actor/actress’s talent(e.g. singing),原著劇情 Original story plot,4.0,5,20.0,男性 Male,台灣,大學/專科 Bachelor degree,"Twitter, Dcard, Facebook, Instagram",a0909635933@gmail.com,問卷很用心~~,Yellow
2023-05-22 00:31:09.372,是 Yes,1.0,-4,1.0,4.0,1.0,1.0,5.0,3.0,4.0,2.0,2.0,2.0,2.0,4.0,演員的天賦 （如：唱歌）Actor/actress’s talent (e.g. singing),原著劇情 Original story plot,演員的美貌 Actor/actress’s beauty,5.0,1,23.0,女性 Female,台灣,大學/專科 Bachelor degree,"Twitter, Facebook, Instagram",wangj2209@gmail.com,因為外界訊息，我更早就知道小美人魚會由黑人飾演，在假想題中，會被自己的“政治正確”思維影響,Yellow
2023-05-22 00:49:13.466,是 Yes,1.0,1,1.0,3.0,2.0,2.0,4.0,3.0,4.0,3.0,3.0,2.0,2.0,2.0,演員的知名度 Actor/actress’s reputation,演員的天賦（如：唱歌）Actor/actress’s talent(e.g. singing),原著劇情 Original story plot,4.0,2,22.0,女性 Female,Taiwan,大學/專科 Bachelor degree,"Facebook, Instagram",tingyulee0305@gmail.com,,Yellow
2023-05-22 00:55:15.447,是 Yes,1.0,5,1.0,4.0,1.0,1.0,4.0,3.0,5.0,1.0,3.0,3.0,3.0,3.0,原著劇情 Original story plot,演員的天賦（如：唱歌）Actor/actress’s talent(e.g. singing),親友推薦 Recommendations from friends,4.0,3,20.0,女性 Female,American ,高中 High school,"Instagram, TikTok, Snapchat",,,Yellow
2023-05-22 00:57:47.913,是 Yes,1.0,-4,1.0,5.0,1.0,1.0,5.0,3.0,5.0,1.0,2.0,2.0,2.0,2.0,原著卡通的還原度 How matches with the original cartoon,原著劇情 Original story plot,網路聲量/口碑 Word of mouth,4.0,-3,34.0,女性 Female,台灣,大學/專科 Bachelor degree,"Facebook, Instagram",litz121@gmail.com,,Yellow
2023-05-22 01:04:37.462,是 Yes,1.0,-2,1.0,5.0,1.0,1.0,4.0,2.0,5.0,1.0,2.0,4.0,3.0,2.0,原著卡通的還原度 How matches with the original cartoon,演員的天賦（如：唱歌）Actor/actress’s talent(e.g. singing),原著劇情 Original story plot,3.0,-2,34.0,女性 Female,中華民國,大學/專科 Bachelor degree,Facebook,daisy2625@gmail.com,No,Yellow
2023-05-22 01:20:52.303,是 Yes,1.0,-4,1.0,4.0,2.0,1.0,4.0,3.0,4.0,2.0,3.0,4.0,3.0,4.0,網路聲量/口碑 Word of mouth,親友推薦 Recommendations from friends,演員的美貌 Actor/actress’s beauty,4.0,2,22.0,女性 Female,臺灣,大學/專科 Bachelor degree,"Facebook, Instagram",58412lili@gmail.com,護尼加油ㄛ,Yellow
2023-05-22 01:25:14.632,是 Yes,1.0,2,1.0,5.0,1.0,1.0,5.0,3.0,4.0,1.0,2.0,3.0,2.0,2.0,原著劇情 Original story plot,演員的天賦（如：唱歌）Actor/actress’s talent(e.g. singing),網路聲量/口碑 Word of mouth,4.0,2,20.0,女性 Female,White,高中 High school,"Instagram, TikTok",julia.edmondss6@gmail.com,,Yellow
2023-05-22 01:28:01.600,是 Yes,1.0,-2,1.0,4.0,1.0,2.0,3.0,3.0,4.0,2.0,2.0,3.0,3.0,3.0,原著劇情 Original story plot,原著卡通的還原度 How matches with the original cartoon,親友推薦 Recommendations from friends,4.0,-2,21.0,女性 Female,台灣,大學/專科 Bachelor degree,"Dcard, Facebook, Instagram",cm9961329@gmail.com,,Yellow
2023-05-22 03:20:24.194,是 Yes,1.0,-3,1.0,3.0,2.0,3.0,3.0,1.0,2.0,3.0,1.0,1.0,1.0,1.0,親友推薦 Recommendations from friends,原著卡通的還原度 How matches with the original cartoon,網路聲量/口碑 Word of mouth,1.0,-1,21.0,男性 Male,American,高中 High school,"Instagram, TikTok, Snapchat",caden.sutcliffe@yahoo.com,"If I don't win the lottery, could you still send me a link of some sort with your findings from this survey.",Yellow
2023-05-22 05:19:36.808,是 Yes,1.0,3,1.0,4.0,1.0,2.0,3.0,1.0,5.0,1.0,1.0,5.0,3.0,1.0,親友推薦 Recommendations from friends,原著劇情 Original story plot,演員的知名度 Actor/actress’s reputation,4.0,2,21.0,女性 Female,American,高中 High school,Instagram,Scl6245@gmail.com,No,Yellow
2023-05-22 06:21:50.164,是 Yes,1.0,-1,1.0,5.0,2.0,2.0,4.0,1.0,5.0,1.0,3.0,3.0,2.0,3.0,親友推薦 Recommendations from friends,網路聲量/口碑 Word of mouth,演員的天賦（如：唱歌）Actor/actress’s talent(e.g. singing),3.0,3,20.0,女性 Female,American ,高中 High school,"Instagram, TikTok",Leannekelly916@gmail.com,,Yellow
2023-05-22 07:07:05.890,是 Yes,1.0,4,1.0,4.0,1.0,2.0,4.0,5.0,2.0,4.0,4.0,3.0,3.0,3.0,原著卡通的還原度 How matches with the original cartoon,演員的天賦（如：唱歌）Actor/actress’s talent(e.g. singing),原著劇情 Original story plot,4.0,-2,60.0,男性 Male,台灣,大學/專科 Bachelor degree,Facebook,chung3577753@gmail.com,沒,Yellow
2023-05-22 07:08:48.888,是 Yes,1.0,3,1.0,5.0,1.0,1.0,3.0,2.0,3.0,2.0,3.0,3.0,3.0,3.0,原著劇情 Original story plot,演員的天賦（如：唱歌）Actor/actress’s talent(e.g. singing),親友推薦 Recommendations from friends,3.0,3,48.0,女性 Female,台灣,大學/專科 Bachelor degree,"Facebook, TikTok",betty6396@gmail.com,沒有,Yellow
2023-05-22 07:15:48.052,是 Yes,1.0,-1,1.0,3.0,2.0,2.0,3.0,2.0,2.0,3.0,3.0,2.0,2.0,2.0,親友推薦 Recommendations from friends,原著劇情 Original story plot,原著劇情 Original story plot,4.0,1,46.0,男性 Male,中華民國,大學/專科 Bachelor degree,Facebook,t5250@klcivs.kl.edu.tw,,Yellow
2023-05-22 07:16:04.216,是 Yes,1.0,-1,1.0,4.0,2.0,3.0,4.0,4.0,3.0,3.0,2.0,2.0,2.0,2.0,原著劇情 Original story plot,親友推薦 Recommendations from friends,演員的天賦（如：唱歌）Actor/actress’s talent(e.g. singing),4.0,2,37.0,女性 Female,台灣,研究所及以上 Master degree or above,Facebook,holic2803@gmail.com,,Yellow
2023-05-22 07:16:11.834,是 Yes,1.0,5,1.0,5.0,3.0,3.0,5.0,3.0,3.0,3.0,3.0,2.0,5.0,5.0,原著劇情 Original story plot,演員的美貌 Actor/actress’s beauty,親友推薦 Recommendations from friends,3.0,3,58.0,女性 Female,台灣,研究所及以上 Master degree or above,Facebook,無,簧,Yellow
2023-05-22 07:16:38.950,是 Yes,1.0,3,1.0,3.0,4.0,4.0,4.0,2.0,4.0,2.0,4.0,4.0,4.0,4.0,原著卡通的還原度 How matches with the original cartoon,原著劇情 Original story plot,演員的天賦（如：唱歌）Actor/actress’s talent(e.g. singing),4.0,-3,32.0,男性 Male,中華民國,大學/專科 Bachelor degree,PTT,dx511185@gmail.com,,Yellow
2023-05-22 07:19:54.463,是 Yes,1.0,4,1.0,5.0,1.0,1.0,3.0,4.0,3.0,1.0,2.0,2.0,2.0,2.0,原著卡通的還原度 How matches with the original cartoon,演員的知名度 Actor/actress’s reputation,網路聲量/口碑 Word of mouth,4.0,1,38.0,女性 Female,台灣,大學/專科 Bachelor degree,"PTT, Facebook",yichenlee93@gmail.com,,Yellow
2023-05-22 07:21:51.683,是 Yes,1.0,-2,1.0,4.0,1.0,2.0,4.0,4.0,2.0,2.0,1.0,2.0,2.0,3.0,網路聲量/口碑 Word of mouth,親友推薦 Recommendations from friends,原著劇情 Original story plot,5.0,-2,62.0,女性 Female,ROC,研究所及以上 Master degree or above,Line,yhjeng0101@gmail.com ,無,Yellow
2023-05-22 07:22:43.048,是 Yes,1.0,3,1.0,4.0,2.0,3.0,3.0,3.0,4.0,2.0,3.0,3.0,3.0,2.0,原著卡通的還原度 How matches with the original cartoon,原著劇情 Original story plot,網路聲量/口碑 Word of mouth,3.0,3,56.0,女性 Female,中華民國,大學/專科 Bachelor degree,"Facebook, Instagram",tnyoyo@gmail.com,無,Yellow
2023-05-22 07:27:22.785,是 Yes,0.0,3,1.0,3.0,2.0,3.0,1.0,4.0,3.0,3.0,4.0,3.0,3.0,2.0,原著劇情 Original story plot,網路聲量/口碑 Word of mouth,網路聲量/口碑 Word of mouth,2.0,2,44.0,男性 Male,台灣,高中 High school,Facebook,沒信箱,沒有,Yellow
2023-05-22 07:28:08.945,是 Yes,1.0,-3,1.0,5.0,1.0,1.0,3.0,5.0,4.0,3.0,3.0,2.0,2.0,2.0,演員的美貌 Actor/actress’s beauty,原著卡通的還原度 How matches with the original cartoon,網路聲量/口碑 Word of mouth,5.0,2,46.0,男性 Male,中華民國,研究所及以上 Master degree or above,Facebook,jenchieh520@gmail.com,真人美人魚照片有點模糊不清楚,Yellow
2023-05-22 07:29:04.053,是 Yes,1.0,2,1.0,5.0,1.0,1.0,3.0,5.0,5.0,1.0,3.0,5.0,5.0,5.0,演員的天賦（如：唱歌）Actor/actress’s talent(e.g. singing),網路聲量/口碑 Word of mouth,親友推薦 Recommendations from friends,4.0,4,51.0,女性 Female,臺灣,研究所及以上 Master degree or above,Facebook,tcickt@gmail.com,加油！,Yellow
2023-05-22 07:29:16.882,是 Yes,1.0,5,1.0,5.0,1.0,3.0,4.0,4.0,3.0,2.0,1.0,5.0,5.0,1.0,原著劇情 Original story plot,演員的美貌 Actor/actress’s beauty,親友推薦 Recommendations from friends,3.0,5,65.0,男性 Male,台湾,大學/專科 Bachelor degree,Facebook,不需要,沒有,Yellow
2023-05-22 07:31:40.465,是 Yes,1.0,5,1.0,5.0,1.0,1.0,5.0,5.0,4.0,2.0,4.0,4.0,4.0,4.0,原著卡通的還原度 How matches with the original cartoon,原著劇情 Original story plot,網路聲量/口碑 Word of mouth,4.0,4,50.0,男性 Male,Taiwan,研究所及以上 Master degree or above,Facebook,syting01@yahoo.com.tw,no,Yellow
2023-05-22 07:32:54.749,是 Yes,1.0,3,1.0,4.0,3.0,2.0,4.0,3.0,2.0,3.0,3.0,2.0,2.0,3.0,原著卡通的還原度 How matches with the original cartoon,演員的美貌 Actor/actress’s beauty,原著劇情 Original story plot,4.0,2,47.0,男性 Male,TAIWAN,大學/專科 Bachelor degree,"Facebook, TikTok",loiolyu@gmail.com,,Yellow
2023-05-22 07:36:14.637,是 Yes,1.0,4,1.0,5.0,1.0,1.0,4.0,5.0,4.0,1.0,1.0,4.0,4.0,4.0,原著劇情 Original story plot,原著卡通的還原度 How matches with the original cartoon,演員的天賦（如：唱歌）Actor/actress’s talent(e.g. singing),3.0,4,35.0,男性 Male,Hong Kong SAR,研究所及以上 Master degree or above,"Dcard, Facebook, Instagram",No thanks,,Yellow
2023-05-22 07:36:24.265,是 Yes,1.0,1,1.0,5.0,1.0,1.0,3.0,4.0,3.0,3.0,4.0,3.0,4.0,4.0,原著劇情 Original story plot,網路聲量/口碑 Word of mouth,原著卡通的還原度 How matches with the original cartoon,4.0,3,46.0,女性 Female,臺灣,研究所及以上 Master degree or above,Facebook,fanghsu@ykjh.tn.edu.tw,否,Yellow
2023-05-22 07:37:23.989,是 Yes,1.0,2,1.0,3.0,1.0,2.0,3.0,3.0,3.0,3.0,3.0,4.0,3.0,3.0,演員的美貌 Actor/actress’s beauty,演員的天賦（如：唱歌）Actor/actress’s talent(e.g. singing),原著劇情 Original story plot,4.0,1,49.0,男性 Male,台灣,大學/專科 Bachelor degree,"Twitter, Facebook, Instagram",tiger630227k@yahoo.com.tw,No,Yellow
2023-05-22 07:54:58.181,是 Yes,1.0,3,1.0,5.0,1.0,1.0,5.0,4.0,3.0,1.0,3.0,3.0,3.0,3.0,原著劇情 Original story plot,網路聲量/口碑 Word of mouth,親友推薦 Recommendations from friends,1.0,3,,男性 Male,R O C,大學/專科 Bachelor degree,Facebook,aboola5214@gmail.com,,Yellow
2023-05-22 08:05:49.327,是 Yes,1.0,-2,1.0,5.0,1.0,1.0,3.0,4.0,4.0,1.0,2.0,3.0,3.0,3.0,原著劇情 Original story plot,原著卡通的還原度 How matches with the original cartoon,演員的天賦（如：唱歌）Actor/actress’s talent(e.g. singing),4.0,2,42.0,女性 Female,台灣,大學/專科 Bachelor degree,"Facebook, Instagram",tenderrue525@gmail.com,無,Yellow
2023-05-22 08:08:17.375,是 Yes,1.0,3,1.0,4.0,2.0,2.0,4.0,4.0,4.0,2.0,3.0,4.0,4.0,4.0,原著劇情 Original story plot,演員的天賦（如：唱歌）Actor/actress’s talent(e.g. singing),原著卡通的還原度 How matches with the original cartoon,4.0,4,55.0,女性 Female,中華民國,研究所及以上 Master degree or above,Facebook,sophia57681231@gmail.com,無,Yellow
2023-05-22 08:08:25.898,是 Yes,1.0,2,1.0,5.0,1.0,1.0,4.0,4.0,3.0,2.0,3.0,3.0,3.0,2.0,原著卡通的還原度 How matches with the original cartoon,演員的天賦（如：唱歌）Actor/actress’s talent(e.g. singing),演員的美貌 Actor/actress’s beauty,2.0,3,43.0,女性 Female,台灣,研究所及以上 Master degree or above,"Facebook, Instagram",fang5401@yahoo.com.tw,,Yellow
2023-05-22 08:10:39.555,是 Yes,1.0,-5,1.0,5.0,1.0,1.0,4.0,5.0,2.0,3.0,5.0,5.0,5.0,3.0,原著卡通的還原度 How matches with the original cartoon,原著劇情 Original story plot,親友推薦 Recommendations from friends,4.0,-5,35.0,女性 Female,Taiwan,研究所及以上 Master degree or above,"PTT, Facebook, Instagram",Huiyu1122@ykjh.tn.edu.tw,加油,Yellow
2023-05-22 08:12:07.648,是 Yes,1.0,2,1.0,4.0,2.0,2.0,3.0,3.0,4.0,2.0,3.0,4.0,4.0,4.0,演員的天賦（如：唱歌）Actor/actress’s talent(e.g. singing),演員的美貌 Actor/actress’s beauty,原著劇情 Original story plot,2.0,2,52.0,女性 Female,台灣,研究所及以上 Master degree or above,Facebook,young731@tn.edu.tw,無,Yellow
2023-05-22 08:12:55.337,是 Yes,1.0,1,1.0,4.0,1.0,1.0,5.0,4.0,3.0,3.0,2.0,3.0,3.0,3.0,演員的美貌 Actor/actress’s beauty,原著卡通的還原度 How matches with the original cartoon,演員的知名度 Actor/actress’s reputation,3.0,2,50.0,男性 Male,Taiwan,大學/專科 Bachelor degree,Facebook,a0936085976@,,Yellow
2023-05-22 08:13:41.631,是 Yes,1.0,-2,1.0,1.0,2.0,2.0,4.0,4.0,4.0,3.0,3.0,4.0,4.0,4.0,演員的天賦 （如：唱歌）Actor/actress’s talent (e.g. singing),演員的美貌 Actor/actress’s beauty,原著劇情 Original story plot,5.0,-2,57.0,男性 Male,台灣,大學/專科 Bachelor degree,Facebook,LG285652@gmail.com,,Yellow
2023-05-22 08:26:24.826,是 Yes,1.0,-5,1.0,2.0,1.0,4.0,2.0,2.0,2.0,4.0,4.0,2.0,2.0,2.0,原著卡通的還原度 How matches with the original cartoon,原著劇情 Original story plot,網路聲量/口碑 Word of mouth,4.0,1,51.0,女性 Female,台灣,大學/專科 Bachelor degree,"Facebook, Instagram",nina6927@hotmail.com.tw,,Yellow
2023-05-22 08:30:00.082,是 Yes,1.0,3,1.0,5.0,1.0,2.0,3.0,4.0,3.0,2.0,3.0,3.0,3.0,3.0,原著劇情 Original story plot,網路聲量/口碑 Word of mouth,原著卡通的還原度 How matches with the original cartoon,2.0,3,48.0,女性 Female,Taiwan,研究所及以上 Master degree or above,Facebook,chris2383188@gmail.com,no,Yellow
2023-05-22 08:30:44.542,是 Yes,1.0,4,1.0,5.0,3.0,2.0,4.0,4.0,2.0,4.0,4.0,2.0,2.0,2.0,原著卡通的還原度 How matches with the original cartoon,演員的美貌 Actor/actress’s beauty,演員的天賦（如：唱歌）Actor/actress’s talent(e.g. singing),4.0,-1,54.0,女性 Female,台灣,研究所及以上 Master degree or above,Facebook,sindy@tn.edu.tw,演員童星較適合,Yellow
2023-05-22 08:33:28.228,是 Yes,1.0,2,1.0,4.0,1.0,2.0,3.0,3.0,4.0,1.0,3.0,3.0,3.0,4.0,演員的天賦（如：唱歌）Actor/actress’s talent(e.g. singing),演員的美貌 Actor/actress’s beauty,演員的知名度 Actor/actress’s reputation,4.0,3,42.0,女性 Female,Taiwan,研究所及以上 Master degree or above,Facebook,wantchi@ykjh.tn.edu.tw,Thank you,Yellow
2023-05-22 08:36:05.535,是 Yes,1.0,5,1.0,5.0,1.0,1.0,5.0,5.0,4.0,2.0,4.0,4.0,4.0,4.0,原著劇情 Original story plot,網路聲量/口碑 Word of mouth,演員的天賦（如：唱歌）Actor/actress’s talent(e.g. singing),3.0,4,48.0,男性 Male,台灣,研究所及以上 Master degree or above,Facebook,b8243048@gmail.com,,Yellow
2023-05-22 08:37:45.917,是 Yes,1.0,4,1.0,5.0,1.0,2.0,3.0,4.0,3.0,2.0,4.0,4.0,4.0,4.0,原著卡通的還原度 How matches with the original cartoon,原著劇情 Original story plot,演員的美貌 Actor/actress’s beauty,2.0,4,55.0,男性 Male,台灣,研究所及以上 Master degree or above,Facebook,hhc295140@gmail.com,,Yellow
2023-05-22 08:39:56.626,是 Yes,1.0,4,1.0,4.0,2.0,2.0,4.0,3.0,4.0,2.0,4.0,4.0,4.0,4.0,原著卡通的還原度 How matches with the original cartoon,原著劇情 Original story plot,網路聲量/口碑 Word of mouth,4.0,4,64.0,男性 Male,中華民國台灣,大學/專科 Bachelor degree,"PTT, Facebook",Sea1122ed、yahoo'com'tw,無,Yellow
2023-05-22 08:52:49.645,是 Yes,1.0,4,1.0,4.0,1.0,1.0,4.0,3.0,4.0,1.0,4.0,3.0,3.0,3.0,原著卡通的還原度 How matches with the original cartoon,演員的天賦（如：唱歌）Actor/actress’s talent(e.g. singing),原著劇情 Original story plot,4.0,3,39.0,女性 Female,Taiwan,研究所及以上 Master degree or above,"Facebook, Instagram",anna12293@gmail.com,,Yellow
2023-05-22 08:54:02.932,是 Yes,1.0,3,1.0,4.0,4.0,4.0,3.0,3.0,4.0,4.0,5.0,4.0,4.0,3.0,原著卡通的還原度 How matches with the original cartoon,網路聲量/口碑 Word of mouth,原著劇情 Original story plot,4.0,3,42.0,男性 Male,台灣,大學/專科 Bachelor degree,Facebook,a0929969145@gmail.com,,Yellow
2023-05-22 08:58:04.985,是 Yes,1.0,5,1.0,5.0,1.0,1.0,4.0,4.0,3.0,1.0,3.0,3.0,4.0,3.0,原著劇情 Original story plot,親友推薦 Recommendations from friends,演員的天賦（如：唱歌）Actor/actress’s talent(e.g. singing),1.0,5,61.0,男性 Male,Taiwan,研究所及以上 Master degree or above,Facebook,elanpapa223@gmail.com,No,Yellow
2023-05-22 09:01:20.435,是 Yes,1.0,5,1.0,5.0,1.0,1.0,5.0,3.0,3.0,2.0,3.0,4.0,4.0,5.0,演員的天賦（如：唱歌）Actor/actress’s talent(e.g. singing),演員的美貌 Actor/actress’s beauty,原著劇情 Original story plot,4.0,4,55.0,女性 Female,中華民國,大學/專科 Bachelor degree,"Facebook, Instagram",chingtzu5721@gmail.com,,Yellow
2023-05-22 09:03:25.501,是 Yes,1.0,5,1.0,4.0,2.0,2.0,4.0,4.0,4.0,2.0,4.0,4.0,4.0,4.0,原著劇情 Original story plot,演員的知名度 Actor/actress’s reputation,演員的天賦（如：唱歌）Actor/actress’s talent(e.g. singing),3.0,3,53.0,男性 Male,台灣,大學/專科 Bachelor degree,Facebook,wish26001235@gmail.com,,Yellow
2023-05-22 09:03:39.774,是 Yes,1.0,3,0.0,5.0,1.0,1.0,5.0,4.0,3.0,3.0,3.0,2.0,2.0,2.0,演員的美貌 Actor/actress’s beauty,演員的天賦（如：唱歌）Actor/actress’s talent(e.g. singing),原著劇情 Original story plot,5.0,3,53.0,男性 Male,中華民國,研究所及以上 Master degree or above,Facebook,tn174@tn.edu.tw,無,Yellow
2023-05-22 09:10:29.490,是 Yes,1.0,3,1.0,3.0,3.0,3.0,3.0,3.0,3.0,3.0,3.0,3.0,3.0,3.0,原著卡通的還原度 How matches with the original cartoon,演員的知名度 Actor/actress’s reputation,原著劇情 Original story plot,3.0,3,57.0,男性 Male,台灣,大學/專科 Bachelor degree,Facebook,ue7701@yahoo.com.tw,沒,Yellow
2023-05-22 09:15:15.551,是 Yes,1.0,3,1.0,3.0,3.0,3.0,3.0,3.0,3.0,3.0,3.0,3.0,3.0,3.0,演員的知名度 Actor/actress’s reputation,演員的美貌 Actor/actress’s beauty,原著劇情 Original story plot,2.0,2,65.0,男性 Male,ROC,大學/專科 Bachelor degree,Facebook,沒有,沒有,Yellow
2023-05-22 09:16:20.377,是 Yes,1.0,1,0.0,5.0,1.0,1.0,1.0,5.0,5.0,1.0,3.0,3.0,3.0,3.0,網路聲量/口碑 Word of mouth,親友推薦 Recommendations from friends,原著卡通的還原度 How matches with the original cartoon,5.0,1,39.0,女性 Female,台灣,研究所及以上 Master degree or above,Facebook,chang721109@gmail.com,,Yellow
2023-05-22 09:17:09.517,是 Yes,1.0,1,1.0,5.0,1.0,1.0,5.0,3.0,4.0,1.0,3.0,3.0,3.0,3.0,網路聲量/口碑 Word of mouth,原著劇情 Original story plot,親友推薦 Recommendations from friends,4.0,3,30.0,男性 Male,台灣,研究所及以上 Master degree or above,"Dcard, PTT, Instagram",qqqwweerrqq@gmail.com,,Yellow
2023-05-22 09:17:41.285,是 Yes,1.0,2,1.0,3.0,3.0,3.0,3.0,3.0,4.0,2.0,3.0,3.0,3.0,3.0,演員的美貌 Actor/actress’s beauty,原著卡通的還原度 How matches with the original cartoon,網路聲量/口碑 Word of mouth,4.0,2,36.0,男性 Male,ROC,研究所及以上 Master degree or above,"Facebook, Instagram",avril0806@gmail.com,Disney比較偏女生的issue..有效問卷客群回收,Yellow
2023-05-22 09:20:11.269,是 Yes,1.0,5,1.0,5.0,1.0,1.0,5.0,4.0,3.0,1.0,2.0,3.0,3.0,3.0,原著劇情 Original story plot,演員的天賦（如：唱歌）Actor/actress’s talent(e.g. singing),親友推薦 Recommendations from friends,2.0,3,22.0,女性 Female,Swedish ,大學/專科 Bachelor degree,"Facebook, Instagram, TikTok",gabbisadikaj@gmail.com,,Yellow
2023-05-22 09:20:28.639,是 Yes,1.0,5,1.0,4.0,4.0,3.0,4.0,4.0,3.0,4.0,4.0,3.0,4.0,4.0,原著卡通的還原度 How matches with the original cartoon,原著劇情 Original story plot,親友推薦 Recommendations from friends,4.0,4,53.0,女性 Female,中華民國,研究所及以上 Master degree or above,Facebook,linyuyan@tn.edu.tw ,,Yellow
2023-05-22 09:27:02.246,是 Yes,1.0,-5,0.0,5.0,1.0,1.0,5.0,3.0,2.0,4.0,3.0,1.0,1.0,2.0,演員的知名度 Actor/actress’s reputation,原著卡通的還原度 How matches with the original cartoon,原著劇情 Original story plot,3.0,-3,60.0,女性 Female,ROC 台灣,大學/專科 Bachelor degree,Facebook,lmk145500@gmail.com,,Yellow
2023-05-22 09:31:07.193,是 Yes,1.0,-1,1.0,3.0,4.0,4.0,4.0,3.0,2.0,3.0,2.0,2.0,2.0,2.0,演員的知名度 Actor/actress’s reputation,演員的天賦（如：唱歌）Actor/actress’s talent(e.g. singing),網路聲量/口碑 Word of mouth,4.0,-1,52.0,男性 Male,臺灣,大學/專科 Bachelor degree,"Facebook, Instagram",jelon319@gmail.com,加油,Yellow
2023-05-22 09:34:11.033,是 Yes,1.0,1,1.0,5.0,1.0,1.0,5.0,2.0,3.0,1.0,3.0,3.0,3.0,3.0,原著劇情 Original story plot,親友推薦 Recommendations from friends,網路聲量/口碑 Word of mouth,5.0,3,,女性 Female,台灣,大學/專科 Bachelor degree,Facebook,yang.muffy@msa.hinet.net,無,Yellow
2023-05-22 09:49:03.000,是 Yes,1.0,5,1.0,5.0,2.0,2.0,4.0,4.0,3.0,2.0,4.0,4.0,4.0,4.0,演員的美貌 Actor/actress’s beauty,演員的天賦（如：唱歌）Actor/actress’s talent(e.g. singing),原著劇情 Original story plot,4.0,4,60.0,男性 Male,台灣,研究所及以上 Master degree or above,"Twitter, PTT, Facebook",junnanlu576@gmail.com,無,Yellow
2023-05-22 10:01:30.798,是 Yes,1.0,2,1.0,2.0,5.0,4.0,4.0,2.0,5.0,2.0,3.0,4.0,3.0,4.0,原著卡通的還原度 How matches with the original cartoon,演員的天賦（如：唱歌）Actor/actress’s talent(e.g. singing),演員的知名度 Actor/actress’s reputation,3.0,-3,44.0,男性 Male,台灣,研究所及以上 Master degree or above,"PTT, Facebook",tufei00926@hotmail.com,,Yellow
2023-05-22 10:09:33.120,是 Yes,1.0,5,1.0,5.0,2.0,1.0,4.0,5.0,4.0,2.0,4.0,4.0,4.0,4.0,原著卡通的還原度 How matches with the original cartoon,原著劇情 Original story plot,演員的美貌 Actor/actress’s beauty,3.0,4,58.0,男性 Male,台灣,研究所及以上 Master degree or above,Twitter,wenchi@fhsh.kHz.edu,,Yellow
2023-05-22 10:09:47.293,是 Yes,1.0,2,1.0,5.0,1.0,1.0,3.0,4.0,3.0,3.0,3.0,3.0,3.0,3.0,演員的天賦（如：唱歌）Actor/actress’s talent(e.g. singing),原著劇情 Original story plot,親友推薦 Recommendations from friends,3.0,2,61.0,女性 Female,台灣,大學/專科 Bachelor degree,Facebook,richmei6390@gmail.com,,Yellow
2023-05-22 10:22:17.457,是 Yes,1.0,-5,1.0,3.0,2.0,2.0,3.0,3.0,3.0,1.0,1.0,3.0,3.0,1.0,原著卡通的還原度 How matches with the original cartoon,原著劇情 Original story plot,演員的知名度 Actor/actress’s reputation,5.0,-5,49.0,女性 Female,台灣,研究所及以上 Master degree or above,"Facebook, Instagram",謝謝你，不用,沒,Yellow
2023-05-22 10:27:33.739,是 Yes,1.0,-2,1.0,2.0,2.0,3.0,2.0,2.0,2.0,2.0,2.0,2.0,2.0,2.0,原著卡通的還原度 How matches with the original cartoon,原著卡通的還原度 How matches with the original cartoon,原著卡通的還原度 How matches with the original cartoon,3.0,-2,32.0,女性 Female,台灣,研究所及以上 Master degree or above,"Facebook, Instagram",l0936278439@gmail.com,,Yellow
2023-05-22 10:32:53.500,是 Yes,1.0,1,1.0,4.0,2.0,3.0,3.0,4.0,4.0,2.0,3.0,4.0,4.0,4.0,演員的美貌 Actor/actress’s beauty,原著卡通的還原度 How matches with the original cartoon,網路聲量/口碑 Word of mouth,4.0,-3,47.0,男性 Male,Taiwan,大學/專科 Bachelor degree,Facebook,kennyyang6644@gmail.com,No,Yellow
2023-05-22 10:35:11.988,是 Yes,1.0,4,1.0,5.0,1.0,1.0,5.0,5.0,3.0,3.0,3.0,3.0,3.0,3.0,原著卡通的還原度 How matches with the original cartoon,原著劇情 Original story plot,演員的天賦（如：唱歌）Actor/actress’s talent(e.g. singing),2.0,4,53.0,女性 Female,台灣,研究所及以上 Master degree or above,"Facebook, Instagram",jyyang704@gmail.com,no,Yellow
2023-05-22 10:38:59.341,是 Yes,1.0,-3,1.0,5.0,1.0,1.0,3.0,3.0,4.0,1.0,2.0,2.0,2.0,2.0,網路聲量/口碑 Word of mouth,演員的知名度 Actor/actress’s reputation,演員的天賦（如：唱歌）Actor/actress’s talent(e.g. singing),3.0,-1,46.0,男性 Male,Taiwan,大學/專科 Bachelor degree,"PTT, Facebook",mywater888@gmail.com,I hoe to get the lottery😚,Yellow
2023-05-22 10:38:59.384,是 Yes,1.0,3,1.0,5.0,1.0,1.0,3.0,4.0,3.0,2.0,3.0,3.0,3.0,3.0,原著卡通的還原度 How matches with the original cartoon,演員的美貌 Actor/actress’s beauty,演員的天賦（如：唱歌）Actor/actress’s talent(e.g. singing),4.0,1,48.0,女性 Female,台灣,研究所及以上 Master degree or above,Facebook,ananwu64@gmail.com,,Yellow
2023-05-22 10:39:04.395,是 Yes,1.0,3,1.0,5.0,1.0,1.0,5.0,5.0,3.0,1.0,3.0,3.0,3.0,3.0,親友推薦 Recommendations from friends,演員的天賦（如：唱歌）Actor/actress’s talent(e.g. singing),原著卡通的還原度 How matches with the original cartoon,5.0,5,25.0,女性 Female,台灣,大學/專科 Bachelor degree,Instagram,sy2es93054@gmail.com,,Yellow
2023-05-22 10:40:03.853,是 Yes,1.0,3,1.0,4.0,4.0,5.0,5.0,4.0,5.0,4.0,5.0,4.0,5.0,5.0,演員的天賦（如：唱歌）Actor/actress’s talent(e.g. singing),演員的膚色 Actor/actress’s skin color,原著劇情 Original story plot,5.0,3,23.0,男性 Male,台灣,高中 High school,"Facebook, Instagram, TikTok",qaz7211683@gmail.com,,Yellow
2023-05-22 10:45:10.033,是 Yes,1.0,3,0.0,4.0,4.0,2.0,2.0,1.0,1.0,3.0,1.0,2.0,2.0,2.0,原著劇情 Original story plot,演員的天賦（如：唱歌）Actor/actress’s talent(e.g. singing),演員的美貌 Actor/actress’s beauty,3.0,4,25.0,男性 Male,台灣,大學/專科 Bachelor degree,"Facebook, Instagram",o66396@gmail.com,,Yellow
2023-05-22 10:45:52.057,是 Yes,0.0,1,1.0,3.0,2.0,1.0,4.0,3.0,4.0,1.0,3.0,3.0,3.0,4.0,親友推薦 Recommendations from friends,網路聲量/口碑 Word of mouth,原著劇情 Original story plot,5.0,2,23.0,女性 Female,台灣,大學/專科 Bachelor degree,"Facebook, Instagram, TikTok",yutingtai918@gmail.com,辛苦囉，加油❤️,Yellow
2023-05-22 10:45:52.799,是 Yes,1.0,-1,1.0,4.0,1.0,1.0,4.0,3.0,3.0,3.0,2.0,2.0,2.0,3.0,原著劇情 Original story plot,演員的知名度 Actor/actress’s reputation,親友推薦 Recommendations from friends,4.0,2,30.0,女性 Female,台灣,大學/專科 Bachelor degree,"Facebook, Instagram",jinghanh1@gmail.com,,Yellow
2023-05-22 10:47:37.231,是 Yes,1.0,4,0.0,5.0,1.0,1.0,4.0,5.0,3.0,3.0,3.0,3.0,3.0,3.0,原著劇情 Original story plot,原著卡通的還原度 How matches with the original cartoon,演員的天賦（如：唱歌）Actor/actress’s talent(e.g. singing),4.0,4,44.0,女性 Female,Taiwan,研究所及以上 Master degree or above,Facebook,how.48653004@gmail.com,,Yellow
2023-05-22 10:49:27.761,是 Yes,1.0,3,1.0,2.0,3.0,2.0,4.0,3.0,3.0,3.0,3.0,3.0,1.0,1.0,原著劇情 Original story plot,原著卡通的還原度 How matches with the original cartoon,網路聲量/口碑 Word of mouth,5.0,-1,37.0,女性 Female,台灣,大學/專科 Bachelor degree,"Dcard, Facebook, Instagram",eileen6657@gmail.com,問卷太長,Yellow
2023-05-22 11:03:44.245,是 Yes,1.0,5,1.0,5.0,1.0,1.0,4.0,5.0,4.0,1.0,4.0,5.0,5.0,5.0,原著卡通的還原度 How matches with the original cartoon,原著劇情 Original story plot,演員的天賦（如：唱歌）Actor/actress’s talent(e.g. singing),3.0,5,41.0,女性 Female,中華民國,大學/專科 Bachelor degree,"Facebook, Instagram",chumelodychu@gmail.com,祝福專題報告高分過關！😊,Yellow
2023-05-22 11:03:56.600,是 Yes,1.0,-3,0.0,4.0,2.0,3.0,3.0,2.0,4.0,2.0,2.0,2.0,2.0,2.0,演員的美貌 Actor/actress’s beauty,演員的知名度 Actor/actress’s reputation,網路聲量/口碑 Word of mouth,2.0,-2,22.0,男性 Male,台灣,大學/專科 Bachelor degree,"Facebook, Instagram, TikTok",a926282739@gmail.com,,Yellow
2023-05-22 11:04:49.208,是 Yes,1.0,5,1.0,5.0,1.0,1.0,3.0,3.0,5.0,1.0,3.0,3.0,3.0,3.0,原著卡通的還原度 How matches with the original cartoon,網路聲量/口碑 Word of mouth,親友推薦 Recommendations from friends,4.0,2,26.0,女性 Female,台灣,大學/專科 Bachelor degree,"Dcard, PTT, Facebook, Instagram, TikTok",zaxsnoopy888@gmail.com,,Yellow
2023-05-22 11:10:57.847,是 Yes,1.0,5,1.0,5.0,1.0,1.0,3.0,3.0,5.0,1.0,4.0,2.0,2.0,1.0,原著劇情 Original story plot,親友推薦 Recommendations from friends,演員的天賦（如：唱歌）Actor/actress’s talent(e.g. singing),3.0,4,40.0,女性 Female,台灣,大學/專科 Bachelor degree,"Facebook, Instagram",zoolin20@yahoo.com.tw,,Yellow
2023-05-22 11:19:43.353,是 Yes,1.0,5,1.0,3.0,4.0,3.0,5.0,3.0,3.0,3.0,3.0,5.0,5.0,3.0,原著卡通的還原度 How matches with the original cartoon,演員的天賦（如：唱歌）Actor/actress’s talent(e.g. singing),原著劇情 Original story plot,4.0,-1,28.0,女性 Female,台灣,研究所及以上 Master degree or above,Instagram,iamangel1314gmail.com,,Yellow
2023-05-22 11:28:11.154,是 Yes,1.0,5,1.0,3.0,4.0,4.0,5.0,3.0,4.0,2.0,4.0,4.0,4.0,4.0,原著卡通的還原度 How matches with the original cartoon,原著劇情 Original story plot,演員的天賦（如：唱歌）Actor/actress’s talent(e.g. singing),3.0,4,28.0,女性 Female,台灣,大學/專科 Bachelor degree,Instagram,p1995121@yahoo.com.tw,,Yellow
2023-05-22 11:38:04.334,是 Yes,1.0,5,1.0,5.0,1.0,1.0,2.0,5.0,5.0,3.0,3.0,3.0,3.0,3.0,原著卡通的還原度 How matches with the original cartoon,原著劇情 Original story plot,網路聲量/口碑 Word of mouth,3.0,5,27.0,女性 Female,Taiwan,大學/專科 Bachelor degree,"Dcard, Facebook, Instagram",lazypig850104@gmail.com,No,Yellow
2023-05-22 11:41:04.711,是 Yes,1.0,1,0.0,4.0,2.0,2.0,3.0,3.0,1.0,3.0,3.0,3.0,3.0,3.0,演員的天賦（如：唱歌）Actor/actress’s talent(e.g. singing),演員的天賦（如：唱歌）Actor/actress’s talent(e.g. singing),原著劇情 Original story plot,3.0,1,39.0,男性 Male,TW,研究所及以上 Master degree or above,"Facebook, Instagram, TikTok",pkgtzu@gmail.com,無,Yellow
2023-05-22 11:42:23.577,是 Yes,1.0,3,1.0,4.0,1.0,1.0,3.0,3.0,1.0,4.0,1.0,1.0,1.0,1.0,演員的天賦（如：唱歌）Actor/actress’s talent(e.g. singing),演員的美貌 Actor/actress’s beauty,原著卡通的還原度 How matches with the original cartoon,3.0,1,43.0,女性 Female,台灣,國中 Junior high school,Instagram,una.97978@gmail.com,,Yellow
2023-05-22 11:55:17.865,是 Yes,1.0,-2,1.0,3.0,3.0,2.0,3.0,2.0,3.0,2.0,2.0,2.0,2.0,2.0,演員的美貌 Actor/actress’s beauty,原著卡通的還原度 How matches with the original cartoon,網路聲量/口碑 Word of mouth,3.0,1,37.0,男性 Male,中華民國,大學/專科 Bachelor degree,"Facebook, Instagram",sworder22466@gmail.com,無意見，辛苦了,Yellow
2023-05-22 11:57:11.408,是 Yes,1.0,-1,0.0,3.0,5.0,1.0,3.0,3.0,1.0,3.0,3.0,3.0,3.0,3.0,原著劇情 Original story plot,網路聲量/口碑 Word of mouth,親友推薦 Recommendations from friends,1.0,-1,47.0,男性 Male,台灣,研究所及以上 Master degree or above,"PTT, Facebook, line ",ycrat@ms26.hinet.net,沒有,Yellow
2023-05-22 12:03:52.965,是 Yes,1.0,3,1.0,5.0,1.0,1.0,4.0,5.0,3.0,3.0,2.0,2.0,2.0,2.0,原著卡通的還原度 How matches with the original cartoon,原著劇情 Original story plot,網路聲量/口碑 Word of mouth,4.0,2,28.0,女性 Female,台灣,大學/專科 Bachelor degree,Instagram,sy2es831120@gmail.com,,Yellow
2023-05-22 12:08:23.910,是 Yes,1.0,3,0.0,3.0,2.0,4.0,3.0,3.0,2.0,3.0,3.0,2.0,1.0,1.0,我從來不觀看迪士尼電影 I never watch Disney movie,我從來不觀看迪士尼電影 I never watch Disney movie,我從來不觀看迪士尼電影 I never watch Disney movie,4.0,-3,40.0,女性 Female,台灣,高中 High school,"Facebook, Instagram",a7210301030@gmail.com,,Yellow
2023-05-22 12:12:09.062,是 Yes,1.0,-3,1.0,5.0,1.0,1.0,5.0,5.0,5.0,2.0,2.0,2.0,3.0,3.0,演員的天賦 （如：唱歌）Actor/actress’s talent (e.g. singing),演員的知名度 Actor/actress’s reputation,原著劇情 Original story plot,5.0,-2,23.0,男性 Male,台灣,大學/專科 Bachelor degree,"Facebook, Instagram",a72901292@gmail.com,無,Yellow
2023-05-22 12:15:37.313,是 Yes,1.0,-3,1.0,3.0,3.0,2.0,4.0,3.0,4.0,2.0,2.0,2.0,2.0,2.0,網路聲量/口碑 Word of mouth,親友推薦 Recommendations from friends,演員的知名度 Actor/actress’s reputation,4.0,-3,19.0,非二元性別 Nonbinary,ROC,大學/專科 Bachelor degree,"Facebook, Instagram",111601050@g.nccu.edu.tw,,Yellow
2023-05-22 12:17:09.967,是 Yes,1.0,4,1.0,5.0,1.0,2.0,3.0,5.0,3.0,2.0,5.0,4.0,4.0,5.0,原著卡通的還原度 How matches with the original cartoon,網路聲量/口碑 Word of mouth,原著劇情 Original story plot,5.0,4,22.0,女性 Female,台灣,大學/專科 Bachelor degree,"Dcard, Facebook, Instagram",crystalh2oo1219@gmail.com,,Yellow
2023-05-22 12:21:41.127,是 Yes,1.0,5,1.0,5.0,3.0,3.0,3.0,3.0,5.0,3.0,4.0,3.0,3.0,3.0,親友推薦 Recommendations from friends,原著卡通的還原度 How matches with the original cartoon,網路聲量/口碑 Word of mouth,5.0,1,28.0,女性 Female,台灣,大學/專科 Bachelor degree,"PTT, Facebook, Instagram",qqmei0016@gmail.com,很棒的議題,Yellow
2023-05-22 12:25:00.287,是 Yes,1.0,2,1.0,2.0,5.0,3.0,5.0,1.0,4.0,2.0,3.0,4.0,3.0,4.0,網路聲量/口碑 Word of mouth,演員的美貌 Actor/actress’s beauty,原著卡通的還原度 How matches with the original cartoon,3.0,-3,40.0,女性 Female,Taiwan,大學/專科 Bachelor degree,Facebook,kuangling1@yahoo.com.tw,No,Yellow
2023-05-22 12:29:00.415,是 Yes,1.0,-2,0.0,3.0,2.0,2.0,4.0,3.0,4.0,2.0,2.0,3.0,3.0,4.0,原著劇情 Original story plot,原著卡通的還原度 How matches with the original cartoon,親友推薦 Recommendations from friends,4.0,-2,22.0,女性 Female,臺灣,大學/專科 Bachelor degree,"Twitter, Dcard, Facebook, Instagram",amy960123@gmail.com,,Yellow
2023-05-22 12:29:09.748,是 Yes,1.0,-3,1.0,3.0,2.0,2.0,2.0,1.0,4.0,2.0,3.0,3.0,2.0,1.0,原著劇情 Original story plot,原著卡通的還原度 How matches with the original cartoon,網路聲量/口碑 Word of mouth,4.0,1,20.0,女性 Female,Taiwan ,大學/專科 Bachelor degree,"Dcard, Facebook, Instagram",No,,Yellow
2023-05-22 12:29:18.976,是 Yes,1.0,5,1.0,2.0,4.0,3.0,5.0,1.0,5.0,1.0,5.0,5.0,5.0,5.0,原著卡通的還原度 How matches with the original cartoon,演員的美貌 Actor/actress’s beauty,演員的天賦（如：唱歌）Actor/actress’s talent(e.g. singing),4.0,-3,20.0,女性 Female,台灣,大學/專科 Bachelor degree,"Dcard, Facebook, Instagram",110509109@g.nccu.edu.tw,,Yellow
2023-05-22 12:31:00.950,是 Yes,1.0,-3,1.0,1.0,3.0,4.0,3.0,1.0,4.0,1.0,4.0,4.0,4.0,3.0,原著劇情 Original story plot,原著卡通的還原度 How matches with the original cartoon,演員的天賦（如：唱歌）Actor/actress’s talent(e.g. singing),4.0,-4,,男性 Male,South Korea,高中 High school,Instagram,Good luck,I feel some questions are hard to understand your intention. You can improve it by change some expressions i guess,Yellow
2023-05-22 12:31:37.769,是 Yes,1.0,2,1.0,3.0,1.0,1.0,3.0,4.0,4.0,2.0,3.0,3.0,3.0,4.0,原著劇情 Original story plot,網路聲量/口碑 Word of mouth,親友推薦 Recommendations from friends,4.0,1,22.0,女性 Female,Taiwan,大學/專科 Bachelor degree,"Facebook, Instagram",infinitexsj@gmail.com,,Yellow
2023-05-22 12:34:42.859,是 Yes,1.0,5,1.0,5.0,1.0,2.0,5.0,3.0,3.0,2.0,5.0,3.0,4.0,4.0,原著劇情 Original story plot,原著卡通的還原度 How matches with the original cartoon,演員的天賦（如：唱歌）Actor/actress’s talent(e.g. singing),1.0,-5,20.0,女性 Female,韓國,大學/專科 Bachelor degree,Instagram,lilykim1016@gmail.com,,Yellow
2023-05-22 12:41:29.750,是 Yes,1.0,-4,1.0,4.0,2.0,2.0,4.0,2.0,4.0,1.0,2.0,2.0,2.0,3.0,原著劇情 Original story plot,網路聲量/口碑 Word of mouth,親友推薦 Recommendations from friends,5.0,2,21.0,女性 Female,台灣,大學/專科 Bachelor degree,"Dcard, Instagram",happyorange451@gmail.com,,Yellow
2023-05-22 12:42:59.070,是 Yes,1.0,5,1.0,1.0,3.0,1.0,5.0,5.0,2.0,2.0,3.0,3.0,3.0,3.0,演員的天賦（如：唱歌）Actor/actress’s talent(e.g. singing),演員的知名度 Actor/actress’s reputation,演員的美貌 Actor/actress’s beauty,4.0,3,40.0,女性 Female,台灣,高中 High school,Facebook,baby720302@gmail.com,,Yellow
2023-05-22 12:44:07.307,是 Yes,1.0,1,1.0,3.0,3.0,3.0,4.0,2.0,2.0,2.0,2.0,2.0,2.0,2.0,原著卡通的還原度 How matches with the original cartoon,演員的天賦（如：唱歌）Actor/actress’s talent(e.g. singing),原著劇情 Original story plot,4.0,-1,21.0,女性 Female,臺灣,大學/專科 Bachelor degree,"Dcard, Instagram",joyhuang900602@gmail.com ,,Yellow
2023-05-22 12:45:20.731,是 Yes,1.0,1,1.0,3.0,3.0,3.0,3.0,2.0,4.0,2.0,3.0,3.0,3.0,3.0,網路聲量/口碑 Word of mouth,親友推薦 Recommendations from friends,原著卡通的還原度 How matches with the original cartoon,4.0,1,20.0,男性 Male,TW,大學/專科 Bachelor degree,"Dcard, Facebook, Instagram",110502015@g.nccu.edu.tw ,,Yellow
2023-05-22 12:45:45.847,是 Yes,1.0,3,1.0,5.0,1.0,1.0,5.0,4.0,3.0,1.0,1.0,1.0,1.0,1.0,原著劇情 Original story plot,演員的天賦（如：唱歌）Actor/actress’s talent(e.g. singing),原著卡通的還原度 How matches with the original cartoon,4.0,3,21.0,男性 Male,台灣,大學/專科 Bachelor degree,"Twitter, Facebook, Instagram",cky0963@gmail.com,,Yellow
2023-05-22 12:46:48.768,是 Yes,1.0,-5,1.0,5.0,1.0,1.0,5.0,5.0,1.0,5.0,5.0,1.0,1.0,1.0,原著卡通的還原度 How matches with the original cartoon,原著劇情 Original story plot,親友推薦 Recommendations from friends,3.0,-5,62.0,女性 Female,中華民國,研究所及以上 Master degree or above,Facebook,aaassddfgaa@gmail.com,無,Yellow
2023-05-22 12:47:22.253,是 Yes,1.0,-2,1.0,5.0,1.0,1.0,4.0,3.0,2.0,1.0,3.0,3.0,3.0,3.0,原著劇情 Original story plot,網路聲量/口碑 Word of mouth,親友推薦 Recommendations from friends,4.0,-2,22.0,女性 Female,ROC,大學/專科 Bachelor degree,Instagram,108405204@nccu.edu.tw,我愛陳品琦 ㄙㄟˋㄙㄟˋ,Yellow
2023-05-22 12:48:30.312,是 Yes,1.0,4,1.0,5.0,2.0,2.0,5.0,3.0,4.0,1.0,3.0,3.0,3.0,4.0,原著卡通的還原度 How matches with the original cartoon,親友推薦 Recommendations from friends,網路聲量/口碑 Word of mouth,5.0,-2,20.0,女性 Female,台灣,大學/專科 Bachelor degree,Instagram,laurachung520@gmail.com,,Yellow
2023-05-22 12:48:33.570,是 Yes,1.0,5,1.0,3.0,3.0,4.0,5.0,3.0,4.0,2.0,4.0,4.0,4.0,3.0,原著卡通的還原度 How matches with the original cartoon,網路聲量/口碑 Word of mouth,演員的美貌 Actor/actress’s beauty,4.0,3,19.0,女性 Female,臺灣,大學/專科 Bachelor degree,"Dcard, Facebook, Instagram",pengjie.wang.1126@gmail.com,,Yellow
2023-05-22 12:50:01.745,是 Yes,1.0,3,1.0,3.0,4.0,3.0,3.0,3.0,4.0,4.0,4.0,3.0,3.0,3.0,演員的天賦（如：唱歌）Actor/actress’s talent(e.g. singing),親友推薦 Recommendations from friends,原著卡通的還原度 How matches with the original cartoon,3.0,3,22.0,男性 Male,Indian,研究所及以上 Master degree or above,"Instagram, Snapchat",Nikhithkillada@gmail.com,,Yellow
2023-05-22 12:52:07.814,是 Yes,1.0,3,1.0,5.0,1.0,1.0,3.0,5.0,1.0,3.0,3.0,3.0,3.0,3.0,原著劇情 Original story plot,原著卡通的還原度 How matches with the original cartoon,網路聲量/口碑 Word of mouth,3.0,4,43.0,女性 Female,Taiwan,研究所及以上 Master degree or above,Facebook,bandura@ymail.com,,Yellow
2023-05-22 12:52:09.983,是 Yes,1.0,4,1.0,4.0,2.0,2.0,5.0,3.0,2.0,4.0,4.0,2.0,1.0,2.0,原著卡通的還原度 How matches with the original cartoon,演員的美貌 Actor/actress’s beauty,網路聲量/口碑 Word of mouth,2.0,-3,22.0,女性 Female,臺灣,大學/專科 Bachelor degree,Instagram,jouan511623@gmail.com,,Yellow
2023-05-22 12:53:11.792,是 Yes,1.0,-5,1.0,1.0,5.0,5.0,5.0,1.0,1.0,4.0,4.0,1.0,1.0,1.0,原著卡通的還原度 How matches with the original cartoon,親友推薦 Recommendations from friends,原著劇情 Original story plot,5.0,-5,23.0,男性 Male,臺灣,大學/專科 Bachelor degree,"Dcard, Facebook, Instagram",ymgs1520@gmail.com,"我的觀點：我覺得多元化很好，但是應該忠於原著，這對「原作者」和「故事的當地文化」是個尊重
來自丹麥的故事就該用丹麥那邊的人種，就好比說風中奇緣的美洲原住民，你如果找白人去演不也是很奇怪嗎？",Yellow
2023-05-22 12:54:21.558,是 Yes,1.0,3,1.0,5.0,1.0,1.0,5.0,3.0,4.0,1.0,4.0,5.0,5.0,3.0,原著卡通的還原度 How matches with the original cartoon,原著劇情 Original story plot,演員的知名度 Actor/actress’s reputation,5.0,-2,23.0,女性 Female,台灣,大學/專科 Bachelor degree,"Twitter, Facebook, Instagram",annie8812131771719@gmail.com,,Yellow
2023-05-22 12:54:31.939,是 Yes,1.0,-3,1.0,3.0,3.0,3.0,5.0,3.0,3.0,2.0,3.0,3.0,3.0,3.0,網路聲量/口碑 Word of mouth,親友推薦 Recommendations from friends,原著卡通的還原度 How matches with the original cartoon,4.0,1,22.0,女性 Female,Taiwan,大學/專科 Bachelor degree,"Dcard, Facebook, Instagram, Snapchat",mecalforever@gmail.com,,Yellow
2023-05-22 12:54:43.573,是 Yes,1.0,-3,1.0,3.0,2.0,2.0,4.0,2.0,2.0,2.0,2.0,2.0,2.0,2.0,原著劇情 Original story plot,網路聲量/口碑 Word of mouth,原著卡通的還原度 How matches with the original cartoon,4.0,-1,22.0,男性 Male,中華民國,大學/專科 Bachelor degree,Instagram,a0987807691@gmail.com,,Yellow
2023-05-22 12:55:34.547,是 Yes,1.0,5,1.0,2.0,4.0,4.0,5.0,2.0,4.0,1.0,3.0,4.0,3.0,3.0,原著卡通的還原度 How matches with the original cartoon,演員的天賦（如：唱歌）Actor/actress’s talent(e.g. singing),網路聲量/口碑 Word of mouth,2.0,-4,19.0,男性 Male,臺灣,高中 High school,"Dcard, Facebook, Instagram",tim99063555245@gmail.com,,Yellow
2023-05-22 13:00:19.552,是 Yes,1.0,-1,1.0,4.0,1.0,1.0,2.0,4.0,4.0,2.0,3.0,3.0,3.0,2.0,原著卡通的還原度 How matches with the original cartoon,演員的知名度 Actor/actress’s reputation,網路聲量/口碑 Word of mouth,4.0,2,21.0,女性 Female,中華民國,大學/專科 Bachelor degree,"Dcard, Instagram",joyce06150@gmail.com,,Yellow
2023-05-22 13:00:50.613,是 Yes,1.0,-5,1.0,5.0,4.0,4.0,2.0,2.0,4.0,2.0,4.0,5.0,5.0,5.0,原著卡通的還原度 How matches with the original cartoon,原著劇情 Original story plot,演員的天賦（如：唱歌）Actor/actress’s talent(e.g. singing),3.0,-3,20.0,男性 Male,台灣,大學/專科 Bachelor degree,"Dcard, Facebook, Instagram",無,無,Yellow
2023-05-22 13:08:42.044,是 Yes,1.0,4,1.0,5.0,1.0,1.0,3.0,5.0,3.0,2.0,2.0,3.0,2.0,4.0,原著劇情 Original story plot,親友推薦 Recommendations from friends,網路聲量/口碑 Word of mouth,5.0,5,22.0,女性 Female,臺灣,大學/專科 Bachelor degree,"Facebook, Instagram",ivywin99@gmail.com,,Yellow
2023-05-22 13:26:59.675,是 Yes,1.0,1,1.0,4.0,2.0,1.0,3.0,4.0,3.0,1.0,3.0,3.0,3.0,3.0,原著卡通的還原度 How matches with the original cartoon,原著劇情 Original story plot,網路聲量/口碑 Word of mouth,4.0,2,28.0,女性 Female,台灣,大學/專科 Bachelor degree,"Facebook, Instagram",honey850726@yahoo.com.tw,,Yellow
2023-05-22 13:27:17.709,是 Yes,1.0,1,1.0,5.0,1.0,1.0,3.0,3.0,5.0,1.0,3.0,3.0,3.0,3.0,原著卡通的還原度 How matches with the original cartoon,原著劇情 Original story plot,網路聲量/口碑 Word of mouth,5.0,2,25.0,女性 Female,台灣,大學/專科 Bachelor degree,"Facebook, Instagram",superjuniorfeatelf@gmail.com,,Yellow
2023-05-22 13:27:41.882,是 Yes,1.0,5,1.0,5.0,1.0,1.0,3.0,4.0,4.0,2.0,4.0,4.0,4.0,4.0,原著卡通的還原度 How matches with the original cartoon,原著劇情 Original story plot,網路聲量/口碑 Word of mouth,3.0,4,29.0,女性 Female,本國籍,大學/專科 Bachelor degree,"Dcard, PTT, Facebook, Instagram",e819e@yahoo.com.tw,無,Yellow
2023-05-22 13:27:56.562,是 Yes,1.0,3,1.0,1.0,5.0,4.0,2.0,1.0,2.0,4.0,4.0,1.0,2.0,1.0,原著卡通的還原度 How matches with the original cartoon,演員的天賦（如：唱歌）Actor/actress’s talent(e.g. singing),演員的美貌 Actor/actress’s beauty,3.0,-5,20.0,男性 Male,台灣,大學/專科 Bachelor degree,"Dcard, Facebook, Instagram",dastin0505@gmail.com,,Yellow
2023-05-22 13:31:03.383,是 Yes,0.0,1,0.0,4.0,1.0,1.0,3.0,4.0,4.0,2.0,3.0,2.0,2.0,2.0,原著劇情 Original story plot,網路聲量/口碑 Word of mouth,親友推薦 Recommendations from friends,3.0,2,19.0,女性 Female,臺灣,大學/專科 Bachelor degree,"Twitter, Instagram",111204021@nccu.edu.tw,,Yellow
2023-05-22 13:59:27.516,是 Yes,0.0,-3,1.0,2.0,4.0,3.0,3.0,2.0,4.0,2.0,3.0,4.0,4.0,3.0,原著卡通的還原度 How matches with the original cartoon,演員的美貌 Actor/actress’s beauty,演員的天賦（如：唱歌）Actor/actress’s talent(e.g. singing),3.0,1,22.0,男性 Male,Taiwan ,大學/專科 Bachelor degree,Instagram,ush8502@gmail.com,加油！,Yellow
2023-05-22 14:00:29.276,是 Yes,1.0,-5,1.0,5.0,1.0,1.0,4.0,1.0,4.0,1.0,1.0,1.0,1.0,1.0,原著劇情 Original story plot,網路聲量/口碑 Word of mouth,原著卡通的還原度 How matches with the original cartoon,4.0,-4,24.0,男性 Male,台灣,研究所及以上 Master degree or above,"Facebook, Instagram",eric10007310@gmail.com,,Yellow
2023-05-22 14:06:45.215,是 Yes,1.0,-5,1.0,2.0,5.0,5.0,5.0,1.0,4.0,2.0,4.0,4.0,4.0,4.0,原著卡通的還原度 How matches with the original cartoon,原著劇情 Original story plot,網路聲量/口碑 Word of mouth,4.0,-4,22.0,女性 Female,台灣,大學/專科 Bachelor degree,"Dcard, Facebook, Instagram",108501057@nccu.edu.tw,,Yellow
2023-05-22 14:18:05.821,是 Yes,1.0,4,1.0,4.0,1.0,1.0,4.0,4.0,3.0,1.0,4.0,4.0,4.0,4.0,原著劇情 Original story plot,網路聲量/口碑 Word of mouth,原著卡通的還原度 How matches with the original cartoon,1.0,3,23.0,女性 Female,台灣,大學/專科 Bachelor degree,Instagram,sandy29788199@gmail.com,無,Yellow
2023-05-22 14:20:25.454,是 Yes,1.0,-5,1.0,2.0,4.0,4.0,4.0,2.0,4.0,2.0,3.0,3.0,3.0,3.0,原著劇情 Original story plot,原著卡通的還原度 How matches with the original cartoon,演員的天賦（如：唱歌）Actor/actress’s talent(e.g. singing),4.0,-5,19.0,女性 Female,台灣,大學/專科 Bachelor degree,"Twitter, Dcard, PTT, Facebook, Instagram",111507007@g.nccu.edu.tw,,Yellow
2023-05-22 14:25:18.017,是 Yes,1.0,1,1.0,3.0,3.0,3.0,3.0,2.0,2.0,1.0,2.0,2.0,2.0,1.0,親友推薦 Recommendations from friends,網路聲量/口碑 Word of mouth,演員的美貌 Actor/actress’s beauty,4.0,1,28.0,男性 Male,台灣,大學/專科 Bachelor degree,"Twitter, Dcard, Facebook, Instagram",x42055408@gmail.com,,Yellow
2023-05-22 14:30:02.994,是 Yes,1.0,4,1.0,3.0,3.0,3.0,3.0,3.0,2.0,4.0,2.0,2.0,2.0,2.0,原著卡通的還原度 How matches with the original cartoon,原著劇情 Original story plot,演員的美貌 Actor/actress’s beauty,3.0,1,28.0,男性 Male,台灣,大學/專科 Bachelor degree,"Facebook, Instagram",qazws7712@gmail.com,無,Yellow
2023-05-22 14:37:17.254,是 Yes,1.0,4,1.0,4.0,2.0,3.0,4.0,2.0,3.0,2.0,4.0,3.0,3.0,2.0,原著卡通的還原度 How matches with the original cartoon,演員的美貌 Actor/actress’s beauty,演員的知名度 Actor/actress’s reputation,5.0,-3,20.0,女性 Female,臺灣,高中 High school,"Dcard, Facebook, Instagram",110104026@g.nccu.edu.tw,因為最近很常看到相關、多樣化的討論，所以非常期待你們所做出的結論！加油！,Yellow
2023-05-22 14:43:27.626,是 Yes,1.0,4,1.0,3.0,4.0,4.0,5.0,2.0,5.0,1.0,4.0,4.0,3.0,4.0,原著卡通的還原度 How matches with the original cartoon,原著劇情 Original story plot,演員的天賦（如：唱歌）Actor/actress’s talent(e.g. singing),5.0,-5,20.0,女性 Female,台灣,大學/專科 Bachelor degree,"Dcard, Facebook, Instagram",110702042@g.nccu.edu.tw,,Yellow
2023-05-22 14:55:05.889,是 Yes,1.0,2,1.0,5.0,1.0,1.0,3.0,3.0,1.0,5.0,3.0,2.0,2.0,3.0,原著卡通的還原度 How matches with the original cartoon,演員的美貌 Actor/actress’s beauty,演員的天賦（如：唱歌）Actor/actress’s talent(e.g. singing),5.0,1,46.0,女性 Female,台灣,大學/專科 Bachelor degree,Facebook,vinson09010722@gmail.com,無,Yellow
2023-05-22 15:06:14.443,是 Yes,1.0,1,0.0,5.0,1.0,1.0,3.0,2.0,3.0,2.0,2.0,3.0,3.0,3.0,網路聲量/口碑 Word of mouth,原著劇情 Original story plot,原著卡通的還原度 How matches with the original cartoon,4.0,1,40.0,女性 Female,台灣,大學/專科 Bachelor degree,"Facebook, Instagram",kuangmay@yahoo.com.tw,No,Yellow
2023-05-22 15:06:37.839,是 Yes,1.0,-5,1.0,1.0,3.0,5.0,5.0,1.0,4.0,1.0,5.0,5.0,5.0,5.0,原著卡通的還原度 How matches with the original cartoon,原著卡通的還原度 How matches with the original cartoon,原著卡通的還原度 How matches with the original cartoon,1.0,-4,34.0,女性 Female,Taiwan ,大學/專科 Bachelor degree,"Facebook, Instagram",Wendy2002Game@yahoo.com.tw,,Yellow
2023-05-22 15:13:31.248,是 Yes,1.0,-3,1.0,1.0,1.0,1.0,3.0,3.0,4.0,1.0,3.0,3.0,3.0,4.0,演員的知名度 Actor/actress’s reputation,原著卡通的還原度 How matches with the original cartoon,網路聲量/口碑 Word of mouth,5.0,2,45.0,男性 Male,Taiwan,大學/專科 Bachelor degree,Facebook,kuanno1@gmail.com,謝謝,Yellow
2023-05-22 15:22:25.443,是 Yes,1.0,5,1.0,5.0,3.0,2.0,5.0,4.0,4.0,2.0,3.0,3.0,3.0,3.0,演員的美貌 Actor/actress’s beauty,網路聲量/口碑 Word of mouth,演員的天賦（如：唱歌）Actor/actress’s talent(e.g. singing),5.0,1,50.0,女性 Female,台灣,研究所及以上 Master degree or above,Facebook,music@tn.edu.tw,,Yellow
2023-05-22 15:38:23.774,是 Yes,1.0,1,1.0,3.0,3.0,3.0,4.0,4.0,2.0,3.0,4.0,3.0,2.0,3.0,演員的知名度 Actor/actress’s reputation,演員的美貌 Actor/actress’s beauty,演員的膚色 Actor/actress’s skin color,4.0,5,48.0,女性 Female,Taiwan,大學/專科 Bachelor degree,"Facebook, Instagram",chenclaur0321@kimo.com,,Yellow
2023-05-22 22:32:37.260,是 Yes,1.0,3,1.0,4.0,2.0,1.0,3.0,4.0,4.0,2.0,3.0,4.0,4.0,3.0,原著劇情 Original story plot,原著卡通的還原度 How matches with the original cartoon,網路聲量/口碑 Word of mouth,4.0,4,42.0,女性 Female,台灣,研究所及以上 Master degree or above,Facebook,ifangliang@gmail.com,無,Yellow
2023-05-22 22:36:21.274,是 Yes,1.0,-1,1.0,3.0,2.0,3.0,4.0,2.0,4.0,2.0,2.0,2.0,2.0,3.0,原著卡通的還原度 How matches with the original cartoon,網路聲量/口碑 Word of mouth,演員的美貌 Actor/actress’s beauty,4.0,-1,22.0,女性 Female,中華民國,大學/專科 Bachelor degree,"Twitter, Facebook, Instagram",a8322342tenacity@gmail.com,加油,Yellow
2023-05-22 23:17:59.068,是 Yes,1.0,3,1.0,5.0,1.0,1.0,5.0,5.0,5.0,1.0,3.0,3.0,3.0,3.0,演員的天賦（如：唱歌）Actor/actress’s talent(e.g. singing),原著劇情 Original story plot,親友推薦 Recommendations from friends,3.0,5,22.0,男性 Male,American,高中 High school,"Facebook, Instagram, TikTok",dimitribartels13@gmail.com,No. Great job!,Yellow
2023-05-22 23:24:27.387,是 Yes,1.0,5,1.0,3.0,2.0,2.0,3.0,3.0,4.0,2.0,4.0,4.0,4.0,4.0,演員的天賦（如：唱歌）Actor/actress’s talent(e.g. singing),原著卡通的還原度 How matches with the original cartoon,網路聲量/口碑 Word of mouth,4.0,1,45.0,女性 Female,台灣,大學/專科 Bachelor degree,Facebook,agane716@gmail.com,沒有,Yellow
2023-05-22 23:27:17.448,是 Yes,1.0,3,1.0,4.0,2.0,2.0,4.0,4.0,4.0,2.0,4.0,4.0,4.0,4.0,原著卡通的還原度 How matches with the original cartoon,演員的天賦（如：唱歌）Actor/actress’s talent(e.g. singing),演員的美貌 Actor/actress’s beauty,4.0,3,45.0,女性 Female,台灣,大學/專科 Bachelor degree,Facebook,chenfishshan@gmail.com,,Yellow
2023-05-22 23:43:01.857,是 Yes,1.0,4,1.0,5.0,3.0,1.0,4.0,4.0,2.0,2.0,3.0,3.0,3.0,3.0,原著劇情 Original story plot,親友推薦 Recommendations from friends,演員的美貌 Actor/actress’s beauty,4.0,4,21.0,女性 Female,馬來西亞,大學/專科 Bachelor degree,"Dcard, Facebook, Instagram",108305038@g.nccu.edu.tw,,Yellow
2023-05-23 03:20:06.373,是 Yes,1.0,1,1.0,3.0,3.0,3.0,2.0,1.0,3.0,1.0,3.0,3.0,3.0,3.0,演員的天賦（如：唱歌）Actor/actress’s talent(e.g. singing),原著卡通的還原度 How matches with the original cartoon,親友推薦 Recommendations from friends,4.0,-1,21.0,男性 Male,English,大學/專科 Bachelor degree,"Instagram, Snapchat",Ummok.com,,Yellow
2023-05-23 07:31:42.461,是 Yes,1.0,2,1.0,5.0,1.0,1.0,5.0,5.0,2.0,2.0,4.0,2.0,1.0,2.0,演員的天賦（如：唱歌）Actor/actress’s talent(e.g. singing),原著劇情 Original story plot,親友推薦 Recommendations from friends,4.0,4,40.0,女性 Female,台灣,研究所及以上 Master degree or above,"Facebook, Instagram",natalieting0315@gmail.com,覺得影評的問卷設計很有真實感,Yellow
2023-05-23 07:37:50.026,是 Yes,1.0,-4,0.0,5.0,1.0,1.0,4.0,3.0,1.0,2.0,2.0,1.0,1.0,2.0,原著劇情 Original story plot,原著卡通的還原度 How matches with the original cartoon,演員的天賦（如：唱歌）Actor/actress’s talent(e.g. singing),4.0,-3,43.0,男性 Male,台灣,研究所及以上 Master degree or above,Facebook,ykes.jackie@gmail.com,無,Yellow
2023-05-23 09:34:14.899,是 Yes,1.0,5,0.0,3.0,2.0,3.0,4.0,3.0,5.0,1.0,4.0,4.0,4.0,4.0,原著卡通的還原度 How matches with the original cartoon,網路聲量/口碑 Word of mouth,演員的天賦（如：唱歌）Actor/actress’s talent(e.g. singing),4.0,3,23.0,女性 Female,台灣,大學/專科 Bachelor degree,"Dcard, Facebook, Instagram",anny2268@gmail.com,,Yellow
2023-05-23 10:26:28.467,是 Yes,1.0,3,1.0,5.0,1.0,1.0,5.0,4.0,5.0,1.0,5.0,5.0,5.0,5.0,演員的美貌 Actor/actress’s beauty,原著劇情 Original story plot,原著卡通的還原度 How matches with the original cartoon,1.0,2,42.0,男性 Male,台灣,大學/專科 Bachelor degree,"PTT, Facebook, Instagram",join.woo@msa.hinet.net,,Yellow
2023-05-23 11:08:04.371,是 Yes,1.0,4,1.0,5.0,1.0,1.0,3.0,3.0,3.0,1.0,3.0,3.0,3.0,3.0,原著劇情 Original story plot,網路聲量/口碑 Word of mouth,親友推薦 Recommendations from friends,5.0,3,37.0,女性 Female,台灣,大學/專科 Bachelor degree,"Facebook, Instagram",av74922@yahoo.com.tw,無,Yellow
2023-05-23 11:39:23.297,是 Yes,1.0,4,1.0,4.0,1.0,3.0,3.0,4.0,4.0,1.0,4.0,4.0,4.0,3.0,演員的天賦（如：唱歌）Actor/actress’s talent(e.g. singing),原著卡通的還原度 How matches with the original cartoon,原著劇情 Original story plot,4.0,3,21.0,女性 Female,台灣,大學/專科 Bachelor degree,"Dcard, Instagram",bettysimon520@gmail.com,做得很棒、很完整💖,Yellow
2023-05-23 11:42:29.627,是 Yes,1.0,1,1.0,5.0,1.0,1.0,3.0,5.0,4.0,1.0,2.0,3.0,3.0,2.0,網路聲量/口碑 Word of mouth,原著劇情 Original story plot,演員的天賦（如：唱歌）Actor/actress’s talent(e.g. singing),4.0,1,20.0,女性 Female,台灣,大學/專科 Bachelor degree,"Facebook, Instagram",ruby61428@gmail.com,第一道題的時候不知道問的是進電影院看還是用串流平台看，對我而言意願影響差很大，所以建議說明清楚～,Yellow
2023-05-23 11:42:51.272,是 Yes,1.0,-2,1.0,5.0,1.0,2.0,4.0,3.0,3.0,1.0,3.0,3.0,3.0,4.0,網路聲量/口碑 Word of mouth,原著劇情 Original story plot,演員的天賦（如：唱歌）Actor/actress’s talent(e.g. singing),3.0,3,22.0,男性 Male,中華民國,大學/專科 Bachelor degree,"PTT, Facebook, Instagram",born20001214@gmail.com ,辛苦了！,Yellow
2023-05-23 11:48:12.417,是 Yes,0.0,-5,1.0,3.0,2.0,3.0,3.0,2.0,4.0,1.0,2.0,1.0,1.0,2.0,我從來不觀看迪士尼電影 I never watch Disney movie,原著劇情 Original story plot,網路聲量/口碑 Word of mouth,2.0,-5,21.0,男性 Male,Taiwan,大學/專科 Bachelor degree,"Facebook, Instagram",wyes0612@gmail.com,加油,Yellow
2023-05-23 11:49:09.317,是 Yes,1.0,4,1.0,5.0,1.0,1.0,3.0,4.0,5.0,1.0,5.0,3.0,3.0,3.0,原著卡通的還原度 How matches with the original cartoon,原著劇情 Original story plot,演員的天賦（如：唱歌）Actor/actress’s talent(e.g. singing),4.0,4,22.0,女性 Female,中華民國,大學/專科 Bachelor degree,"Dcard, Facebook, Instagram",belinda8920@gmail.com,,Yellow
2023-05-23 11:50:14.701,是 Yes,1.0,2,1.0,4.0,2.0,2.0,5.0,4.0,4.0,1.0,4.0,4.0,4.0,4.0,原著劇情 Original story plot,演員的天賦（如：唱歌）Actor/actress’s talent(e.g. singing),演員的美貌 Actor/actress’s beauty,4.0,1,22.0,女性 Female,台灣,大學/專科 Bachelor degree,"Dcard, Instagram",fangyi900513@gmail.com,,Yellow
2023-05-23 11:51:43.692,是 Yes,1.0,4,1.0,2.0,4.0,3.0,4.0,2.0,4.0,3.0,3.0,4.0,4.0,4.0,演員的天賦（如：唱歌）Actor/actress’s talent(e.g. singing),原著卡通的還原度 How matches with the original cartoon,演員的知名度 Actor/actress’s reputation,2.0,3,21.0,男性 Male,台灣,大學/專科 Bachelor degree,"Dcard, Facebook, Instagram",109208081@g.nccu.edu.tw,,Yellow
2023-05-23 11:56:17.068,是 Yes,1.0,2,1.0,4.0,1.0,1.0,5.0,4.0,4.0,1.0,2.0,3.0,3.0,4.0,原著卡通的還原度 How matches with the original cartoon,原著劇情 Original story plot,網路聲量/口碑 Word of mouth,3.0,2,22.0,女性 Female,台灣,大學/專科 Bachelor degree,"Dcard, Facebook, Instagram",108206004@nccu.edu.tw,,Yellow
2023-05-23 11:59:42.425,是 Yes,1.0,-2,1.0,4.0,2.0,1.0,4.0,3.0,4.0,2.0,4.0,3.0,3.0,3.0,網路聲量/口碑 Word of mouth,原著卡通的還原度 How matches with the original cartoon,親友推薦 Recommendations from friends,4.0,3,22.0,女性 Female,台灣,大學/專科 Bachelor degree,Instagram,terrisa3223@gmail.com,,Yellow
2023-05-23 12:06:50.585,是 Yes,1.0,-3,1.0,3.0,4.0,2.0,4.0,2.0,2.0,2.0,4.0,2.0,2.0,3.0,原著卡通的還原度 How matches with the original cartoon,網路聲量/口碑 Word of mouth,演員的天賦（如：唱歌）Actor/actress’s talent(e.g. singing),2.0,1,22.0,女性 Female,台灣,大學/專科 Bachelor degree,"Dcard, Facebook, Instagram",108205030@nccu.edu.tw,,Yellow
2023-05-23 12:24:30.630,是 Yes,1.0,-1,1.0,5.0,1.0,1.0,5.0,4.0,4.0,2.0,3.0,4.0,4.0,4.0,原著劇情 Original story plot,原著卡通的還原度 How matches with the original cartoon,演員的知名度 Actor/actress’s reputation,5.0,-1,22.0,女性 Female,Taiwan (ROC) ,大學/專科 Bachelor degree,"Facebook, Instagram",108204046@nccu.edu.tw,,Yellow
2023-05-23 12:30:54.801,是 Yes,1.0,-5,1.0,2.0,4.0,4.0,3.0,1.0,4.0,2.0,5.0,5.0,4.0,3.0,演員的天賦 （如：唱歌）Actor/actress’s talent (e.g. singing),原著卡通的還原度 How matches with the original cartoon,演員的美貌 Actor/actress’s beauty,4.0,2,22.0,男性 Male,台灣,高中 High school,"Facebook, Instagram",b09901166@ntu.edu.tw,,Yellow
2023-05-23 12:32:30.152,是 Yes,1.0,-1,1.0,5.0,1.0,1.0,3.0,3.0,4.0,2.0,3.0,3.0,3.0,4.0,原著劇情 Original story plot,網路聲量/口碑 Word of mouth,演員的知名度 Actor/actress’s reputation,4.0,1,22.0,女性 Female,台灣,大學/專科 Bachelor degree,"Facebook, Instagram",b10703129@ntu.edu.tw,,Yellow
2023-05-23 12:43:07.649,是 Yes,1.0,-5,1.0,5.0,1.0,1.0,4.0,5.0,4.0,1.0,3.0,3.0,3.0,4.0,原著劇情 Original story plot,網路聲量/口碑 Word of mouth,親友推薦 Recommendations from friends,3.0,2,29.0,女性 Female,台灣,大學/專科 Bachelor degree,"Dcard, Facebook, Instagram",chihhsuan.ho@chengzhiedu.org,子馨 🫶,Yellow
2023-05-23 12:46:21.836,是 Yes,1.0,2,1.0,4.0,2.0,2.0,4.0,4.0,4.0,2.0,3.0,3.0,3.0,3.0,原著劇情 Original story plot,演員的知名度 Actor/actress’s reputation,演員的天賦（如：唱歌）Actor/actress’s talent(e.g. singing),4.0,-1,21.0,女性 Female,台灣,大學/專科 Bachelor degree,"Dcard, Facebook, Instagram",wendyfishleong@gmail.com,,Yellow
2023-05-23 12:47:30.227,是 Yes,1.0,1,1.0,4.0,2.0,2.0,3.0,3.0,4.0,2.0,4.0,3.0,3.0,3.0,演員的天賦（如：唱歌）Actor/actress’s talent(e.g. singing),原著卡通的還原度 How matches with the original cartoon,原著劇情 Original story plot,4.0,-2,22.0,女性 Female,台灣,大學/專科 Bachelor degree,"Facebook, Instagram",tra900216@gmail.com,,Yellow
2023-05-23 12:51:01.672,是 Yes,1.0,5,1.0,4.0,1.0,1.0,4.0,3.0,4.0,2.0,3.0,3.0,3.0,3.0,原著劇情 Original story plot,原著卡通的還原度 How matches with the original cartoon,親友推薦 Recommendations from friends,4.0,4,22.0,女性 Female,台灣,大學/專科 Bachelor degree,"Dcard, Facebook, Instagram",yehjenny90@gmail.com,,Yellow
2023-05-23 13:24:34.286,是 Yes,1.0,5,1.0,5.0,1.0,1.0,3.0,4.0,4.0,1.0,4.0,4.0,4.0,4.0,原著劇情 Original story plot,演員的天賦（如：唱歌）Actor/actress’s talent(e.g. singing),親友推薦 Recommendations from friends,3.0,4,47.0,女性 Female,台灣,大學/專科 Bachelor degree,Facebook,daphne00323@gmail.com ,沒有,Yellow
2023-05-23 13:40:18.489,是 Yes,1.0,-2,1.0,4.0,1.0,2.0,4.0,3.0,4.0,2.0,3.0,3.0,3.0,3.0,親友推薦 Recommendations from friends,網路聲量/口碑 Word of mouth,演員的知名度 Actor/actress’s reputation,4.0,3,22.0,女性 Female,Taiwan,大學/專科 Bachelor degree,"Facebook, Instagram",sun1020327@gmail.com,,Yellow
2023-05-23 14:03:07.360,是 Yes,1.0,3,1.0,5.0,1.0,1.0,4.0,3.0,4.0,1.0,5.0,4.0,4.0,4.0,原著卡通的還原度 How matches with the original cartoon,演員的知名度 Actor/actress’s reputation,網路聲量/口碑 Word of mouth,4.0,3,22.0,女性 Female,台灣,大學/專科 Bachelor degree,"Dcard, Instagram",jieamke@gmail.com,,Yellow
2023-05-23 14:12:20.219,是 Yes,1.0,2,1.0,5.0,1.0,1.0,4.0,3.0,4.0,1.0,4.0,3.0,3.0,4.0,原著劇情 Original story plot,親友推薦 Recommendations from friends,網路聲量/口碑 Word of mouth,4.0,2,22.0,女性 Female,臺灣,大學/專科 Bachelor degree,"Facebook, Instagram",108305095@nccu.edu.tw,,Yellow
2023-05-23 14:13:34.844,是 Yes,1.0,2,0.0,3.0,3.0,3.0,3.0,3.0,3.0,3.0,3.0,3.0,3.0,3.0,原著卡通的還原度 How matches with the original cartoon,演員的天賦（如：唱歌）Actor/actress’s talent(e.g. singing),原著劇情 Original story plot,2.0,3,17.0,女性 Female,台灣,高中 High school,"Facebook, Instagram",a2339407@gmail.com,,Yellow
2023-05-23 15:18:02.590,是 Yes,1.0,-3,1.0,5.0,2.0,1.0,4.0,2.0,5.0,2.0,2.0,2.0,2.0,1.0,原著劇情 Original story plot,網路聲量/口碑 Word of mouth,原著卡通的還原度 How matches with the original cartoon,5.0,1,22.0,女性 Female,台灣,大學/專科 Bachelor degree,"Dcard, Facebook, Instagram",katherine1232133@gmail.com,,Black
2023-05-23 15:23:06.069,是 Yes,1.0,-2,1.0,2.0,4.0,3.0,4.0,2.0,2.0,4.0,2.0,2.0,2.0,3.0,演員的膚色 Actor/actress’s skin color,演員的美貌 Actor/actress’s beauty,網路聲量/口碑 Word of mouth,4.0,1,22.0,女性 Female,台灣,大學/專科 Bachelor degree,"Dcard, Facebook, Instagram",108305086@nccu.edu.tw,很棒！,Black
2023-05-23 15:25:54.596,是 Yes,1.0,-5,1.0,3.0,1.0,4.0,5.0,3.0,3.0,3.0,2.0,1.0,1.0,1.0,原著卡通的還原度 How matches with the original cartoon,演員的知名度 Actor/actress’s reputation,網路聲量/口碑 Word of mouth,4.0,-1,22.0,女性 Female,台灣,大學/專科 Bachelor degree,"Facebook, Instagram",a0989958594@gmail.com,,Black
2023-05-23 15:28:52.956,是 Yes,1.0,3,1.0,5.0,1.0,1.0,5.0,5.0,1.0,1.0,1.0,3.0,3.0,3.0,原著劇情 Original story plot,演員的天賦（如：唱歌）Actor/actress’s talent(e.g. singing),網路聲量/口碑 Word of mouth,4.0,3,17.0,女性 Female,R.O.C.,高中 High school,"Facebook, Instagram, Snapchat",melody0950508@gmail.com,,Black
2023-05-23 15:29:00.627,是 Yes,1.0,-3,1.0,1.0,3.0,3.0,5.0,3.0,4.0,2.0,3.0,4.0,4.0,4.0,原著劇情 Original story plot,原著卡通的還原度 How matches with the original cartoon,演員的天賦（如：唱歌）Actor/actress’s talent(e.g. singing),5.0,-2,22.0,女性 Female,台灣,大學/專科 Bachelor degree,"Facebook, Instagram",orangeh99520@gmail.com,,Black
2023-05-23 15:31:42.125,是 Yes,1.0,1,1.0,3.0,3.0,3.0,4.0,2.0,2.0,3.0,2.0,2.0,2.0,2.0,原著卡通的還原度 How matches with the original cartoon,演員的知名度 Actor/actress’s reputation,原著劇情 Original story plot,3.0,1,21.0,男性 Male,中華民國,大學/專科 Bachelor degree,Instagram,brian26453@gmail.com,,Black
2023-05-23 15:32:47.473,是 Yes,1.0,-1,1.0,4.0,2.0,2.0,2.0,3.0,2.0,2.0,1.0,2.0,1.0,3.0,原著卡通的還原度 How matches with the original cartoon,原著劇情 Original story plot,網路聲量/口碑 Word of mouth,4.0,-1,21.0,男性 Male,臺灣,大學/專科 Bachelor degree,"Facebook, Instagram",peterchen910510@gmail.com,,Black
2023-05-23 15:33:46.181,是 Yes,1.0,-3,1.0,3.0,3.0,4.0,4.0,3.0,1.0,2.0,4.0,2.0,2.0,2.0,原著劇情 Original story plot,原著卡通的還原度 How matches with the original cartoon,網路聲量/口碑 Word of mouth,3.0,-1,34.0,男性 Male,台灣,大學/專科 Bachelor degree,"Dcard, PTT, Facebook",destroysun072@gmail.com,,Black
2023-05-23 15:36:07.542,是 Yes,1.0,-5,1.0,4.0,2.0,4.0,4.0,3.0,4.0,1.0,3.0,4.0,4.0,4.0,原著卡通的還原度 How matches with the original cartoon,原著劇情 Original story plot,親友推薦 Recommendations from friends,2.0,-5,22.0,男性 Male,中華民國臺灣省,大學/專科 Bachelor degree,"Twitter, Dcard, Facebook, Instagram",jj8765432114@gmail.com,,Black
2023-05-23 15:39:51.085,是 Yes,1.0,-3,1.0,4.0,3.0,3.0,5.0,2.0,2.0,3.0,3.0,1.0,1.0,1.0,網路聲量/口碑 Word of mouth,原著劇情 Original story plot,演員的美貌 Actor/actress’s beauty,4.0,-3,21.0,女性 Female,台灣,大學/專科 Bachelor degree,Instagram,chihsunn@gmail.com,,Black
2023-05-23 15:41:37.201,是 Yes,1.0,-5,1.0,5.0,5.0,1.0,5.0,1.0,4.0,1.0,5.0,5.0,5.0,5.0,原著卡通的還原度 How matches with the original cartoon,網路聲量/口碑 Word of mouth,親友推薦 Recommendations from friends,1.0,-5,21.0,女性 Female,台灣,大學/專科 Bachelor degree,Instagram,cc532149045@gmail.com,,Black
2023-05-23 15:55:14.396,是 Yes,1.0,3,1.0,4.0,1.0,2.0,3.0,4.0,3.0,2.0,4.0,4.0,4.0,4.0,網路聲量/口碑 Word of mouth,演員的知名度 Actor/actress’s reputation,原著劇情 Original story plot,4.0,3,19.0,男性 Male,台灣,大學/專科 Bachelor degree,"Twitter, Dcard, Facebook, Instagram",wu40101@gmail.com ,,Black
2023-05-23 15:59:24.521,是 Yes,1.0,-2,1.0,4.0,2.0,2.0,4.0,3.0,3.0,2.0,2.0,2.0,2.0,3.0,親友推薦 Recommendations from friends,原著卡通的還原度 How matches with the original cartoon,演員的天賦（如：唱歌）Actor/actress’s talent(e.g. singing),4.0,-2,22.0,女性 Female,台灣,大學/專科 Bachelor degree,Instagram,weilinma5@gmail.com,,Black
2023-05-23 16:02:04.716,是 Yes,1.0,-4,1.0,2.0,4.0,4.0,5.0,2.0,3.0,2.0,2.0,2.0,2.0,2.0,演員的美貌 Actor/actress’s beauty,原著卡通的還原度 How matches with the original cartoon,網路聲量/口碑 Word of mouth,4.0,-4,31.0,男性 Male,Republic of China ,研究所及以上 Master degree or above,"Facebook, Instagram",jerryjerry1128@gmail.com,,Black
2023-05-23 16:05:53.236,是 Yes,1.0,-5,1.0,5.0,1.0,1.0,3.0,4.0,1.0,1.0,5.0,1.0,1.0,4.0,原著劇情 Original story plot,網路聲量/口碑 Word of mouth,原著卡通的還原度 How matches with the original cartoon,5.0,1,20.0,女性 Female,臺灣,大學/專科 Bachelor degree,"Twitter, Dcard, Facebook, Instagram",110303012@g.nccu.edu.tw,,Black
2023-05-23 16:06:34.408,是 Yes,1.0,-3,1.0,5.0,1.0,1.0,4.0,3.0,2.0,1.0,3.0,3.0,3.0,3.0,原著劇情 Original story plot,親友推薦 Recommendations from friends,網路聲量/口碑 Word of mouth,4.0,1,22.0,女性 Female,臺灣,大學/專科 Bachelor degree,"Dcard, Facebook, Instagram",f54081214@gs.ncku.edu.tw,,Black
2023-05-23 16:09:30.232,是 Yes,1.0,1,1.0,5.0,1.0,1.0,3.0,4.0,3.0,1.0,5.0,5.0,5.0,4.0,原著劇情 Original story plot,演員的天賦（如：唱歌）Actor/actress’s talent(e.g. singing),網路聲量/口碑 Word of mouth,4.0,3,19.0,女性 Female,台灣,大學/專科 Bachelor degree,"Dcard, Instagram",111205022@g.nccu.edu.tw,,Black
2023-05-23 16:11:05.043,是 Yes,1.0,2,1.0,2.0,4.0,4.0,5.0,2.0,4.0,1.0,3.0,4.0,5.0,4.0,原著卡通的還原度 How matches with the original cartoon,演員的知名度 Actor/actress’s reputation,網路聲量/口碑 Word of mouth,3.0,-3,22.0,女性 Female,台灣,大學/專科 Bachelor degree,"Dcard, Facebook, Instagram",wendy081560@gmail.com,,Black
2023-05-23 16:13:01.493,是 Yes,1.0,5,1.0,5.0,1.0,1.0,3.0,3.0,3.0,1.0,3.0,5.0,5.0,5.0,演員的天賦（如：唱歌）Actor/actress’s talent(e.g. singing),原著劇情 Original story plot,演員的美貌 Actor/actress’s beauty,2.0,5,21.0,女性 Female,台灣,大學/專科 Bachelor degree,Instagram,mandy03626@gamil.com,,Black
2023-05-23 16:28:30.180,是 Yes,1.0,5,1.0,5.0,1.0,1.0,4.0,3.0,2.0,2.0,2.0,3.0,2.0,3.0,原著劇情 Original story plot,網路聲量/口碑 Word of mouth,親友推薦 Recommendations from friends,4.0,4,22.0,女性 Female,Taiwan,高中 High school,Instagram,winnie412923@yahoo.com,,Black
2023-05-23 16:39:59.016,是 Yes,1.0,-1,1.0,3.0,2.0,2.0,5.0,2.0,1.0,2.0,4.0,2.0,2.0,2.0,原著卡通的還原度 How matches with the original cartoon,網路聲量/口碑 Word of mouth,原著劇情 Original story plot,4.0,2,22.0,女性 Female,台灣,大學/專科 Bachelor degree,"Twitter, Dcard, Facebook, Instagram",a0928115818@gmail.com,,Black
2023-05-23 16:40:44.434,是 Yes,1.0,-5,1.0,3.0,4.0,3.0,4.0,1.0,2.0,2.0,4.0,2.0,1.0,4.0,原著卡通的還原度 How matches with the original cartoon,親友推薦 Recommendations from friends,演員的知名度 Actor/actress’s reputation,4.0,-2,21.0,男性 Male,台灣,大學/專科 Bachelor degree,Instagram,jason97398@gmail.com,,Black
2023-05-23 16:40:56.911,是 Yes,1.0,1,1.0,5.0,1.0,1.0,4.0,5.0,5.0,1.0,4.0,4.0,4.0,4.0,原著卡通的還原度 How matches with the original cartoon,演員的美貌 Actor/actress’s beauty,演員的天賦（如：唱歌）Actor/actress’s talent(e.g. singing),1.0,3,22.0,女性 Female,台灣,大學/專科 Bachelor degree,"Facebook, Instagram",108301090@g.nccu.edu.tw,無,Black
2023-05-23 16:44:01.338,是 Yes,1.0,3,1.0,3.0,3.0,3.0,5.0,3.0,1.0,4.0,2.0,2.0,2.0,2.0,原著卡通的還原度 How matches with the original cartoon,演員的美貌 Actor/actress’s beauty,網路聲量/口碑 Word of mouth,5.0,-1,18.0,男性 Male,台灣,高中 High school,"Dcard, Instagram",lai1chendd@gmail.com,其實身為一個同性戀，在一些方面我會感覺到自己明顯處於弱勢的狀態，對於迪士尼的這項策略我其實蠻開心的，但同時我又是一名很喜歡看迪士尼卡通的人，對於選角沒能還原著作深表遺憾，也讓我的立場很尷尬，如果可以希望是額外寫一個故事，比如風中奇緣按照原著就可以找美洲原住民來扮演，這類的故事一樣很動人，翻拍成電影版也不會像今天這個小美人魚真人版電影來得那麼多批評。,Black
2023-05-23 16:52:16.778,是 Yes,0.0,-5,1.0,4.0,2.0,2.0,5.0,2.0,3.0,2.0,2.0,4.0,2.0,5.0,網路聲量/口碑 Word of mouth,原著劇情 Original story plot,演員的美貌 Actor/actress’s beauty,5.0,-5,22.0,女性 Female,臺灣,大學/專科 Bachelor degree,"Dcard, Facebook, Instagram",maxsine632@gmail.com,,Black
2023-05-23 16:56:21.339,是 Yes,1.0,-1,0.0,5.0,2.0,1.0,3.0,3.0,4.0,2.0,2.0,2.0,2.0,2.0,原著卡通的還原度 How matches with the original cartoon,原著劇情 Original story plot,親友推薦 Recommendations from friends,5.0,3,22.0,女性 Female,taiwan,大學/專科 Bachelor degree,"Dcard, Facebook, Instagram",jamie.lan021@gmail.com,問卷很漂亮很讚！,Black
2023-05-23 16:58:56.822,是 Yes,1.0,-5,1.0,2.0,4.0,4.0,5.0,1.0,3.0,2.0,4.0,4.0,4.0,4.0,原著卡通的還原度 How matches with the original cartoon,演員的美貌 Actor/actress’s beauty,演員的天賦（如：唱歌）Actor/actress’s talent(e.g. singing),4.0,-3,21.0,女性 Female,Taiwan,大學/專科 Bachelor degree,"Dcard, Facebook, Instagram",108509210@nccu.edu.tw,,Black
2023-05-23 16:59:38.594,是 Yes,1.0,-3,1.0,3.0,3.0,3.0,5.0,2.0,4.0,2.0,4.0,3.0,3.0,3.0,原著劇情 Original story plot,原著卡通的還原度 How matches with the original cartoon,網路聲量/口碑 Word of mouth,5.0,-3,22.0,女性 Female,臺灣 ,大學/專科 Bachelor degree,"Dcard, PTT, Instagram",chloeee0206@gmail.com,,Black
2023-05-23 17:06:52.424,是 Yes,1.0,5,1.0,5.0,1.0,1.0,3.0,5.0,5.0,3.0,5.0,5.0,5.0,5.0,原著卡通的還原度 How matches with the original cartoon,原著劇情 Original story plot,網路聲量/口碑 Word of mouth,1.0,5,28.0,女性 Female,台灣,大學/專科 Bachelor degree,"Instagram, TikTok",gahooo0325@yahoo.com.tw,No,Black
2023-05-23 17:11:52.579,是 Yes,1.0,5,1.0,3.0,4.0,4.0,2.0,2.0,4.0,2.0,4.0,4.0,4.0,4.0,原著卡通的還原度 How matches with the original cartoon,演員的美貌 Actor/actress’s beauty,演員的天賦（如：唱歌）Actor/actress’s talent(e.g. singing),5.0,-3,24.0,女性 Female,台灣,大學/專科 Bachelor degree,"Twitter, Instagram",amber98213@gmail.com,,Black
2023-05-23 17:26:48.244,是 Yes,1.0,-3,1.0,5.0,1.0,1.0,5.0,1.0,3.0,1.0,3.0,3.0,3.0,4.0,演員的天賦 （如：唱歌）Actor/actress’s talent (e.g. singing),網路聲量/口碑 Word of mouth,親友推薦 Recommendations from friends,4.0,-2,22.0,男性 Male,ROC,大學/專科 Bachelor degree,"Facebook, Instagram",bee3131263@gmail.com,,Black
2023-05-23 17:27:13.002,是 Yes,1.0,5,1.0,3.0,3.0,4.0,5.0,3.0,4.0,2.0,3.0,4.0,4.0,4.0,原著卡通的還原度 How matches with the original cartoon,演員的美貌 Actor/actress’s beauty,原著劇情 Original story plot,4.0,-5,21.0,女性 Female,台灣,大學/專科 Bachelor degree,Facebook,asdf2134798@gmail.com,真人版美人魚讓人好失望,Black
2023-05-23 17:35:11.901,是 Yes,1.0,-2,1.0,4.0,2.0,4.0,5.0,2.0,2.0,4.0,4.0,2.0,2.0,2.0,演員的天賦 （如：唱歌）Actor/actress’s talent (e.g. singing),原著劇情 Original story plot,網路聲量/口碑 Word of mouth,4.0,-2,20.0,男性 Male,中華民國,大學/專科 Bachelor degree,"Dcard, Facebook, Instagram",hd10434eric@gmail.com,,Black
2023-05-23 17:35:28.942,是 Yes,1.0,2,1.0,5.0,1.0,1.0,4.0,3.0,2.0,1.0,5.0,3.0,3.0,4.0,原著卡通的還原度 How matches with the original cartoon,網路聲量/口碑 Word of mouth,演員的天賦（如：唱歌）Actor/actress’s talent(e.g. singing),4.0,3,19.0,女性 Female,中華民國,大學/專科 Bachelor degree,"Facebook, Instagram",shanachen0508@gmail.com,,Black
2023-05-23 17:36:25.751,是 Yes,1.0,-5,0.0,1.0,1.0,1.0,4.0,1.0,1.0,1.0,1.0,1.0,1.0,1.0,演員的膚色 Actor/actress’s skin color,演員的膚色 Actor/actress’s skin color,演員的膚色 Actor/actress’s skin color,3.0,1,17.0,男性 Male,中國香港,高中 High school,Instagram,Jameajlphlam@gmail.com,on9黑人臭雞,Black
2023-05-23 17:52:36.961,是 Yes,1.0,-1,1.0,2.0,3.0,3.0,4.0,2.0,1.0,4.0,3.0,1.0,1.0,2.0,原著卡通的還原度 How matches with the original cartoon,網路聲量/口碑 Word of mouth,親友推薦 Recommendations from friends,4.0,-4,18.0,女性 Female,臺灣,大學/專科 Bachelor degree,"Twitter, Facebook, Instagram",zoe51225@gmail.com,,Black
2023-05-23 17:55:05.734,是 Yes,1.0,-5,1.0,3.0,3.0,3.0,3.0,2.0,3.0,1.0,2.0,2.0,2.0,2.0,原著劇情 Original story plot,原著卡通的還原度 How matches with the original cartoon,演員的天賦（如：唱歌）Actor/actress’s talent(e.g. singing),3.0,-5,19.0,男性 Male,中華民國,高中 High school,"Dcard, Facebook, Instagram",weichechang812@gmail.com,,Black
2023-05-23 18:08:03.839,是 Yes,1.0,4,1.0,4.0,2.0,2.0,5.0,3.0,4.0,2.0,3.0,4.0,3.0,4.0,網路聲量/口碑 Word of mouth,原著卡通的還原度 How matches with the original cartoon,演員的知名度 Actor/actress’s reputation,4.0,-4,23.0,女性 Female,Taiwan ,大學/專科 Bachelor degree,"Facebook, Instagram",mont1411798@gmail.com ,,Black
2023-05-23 18:10:45.607,是 Yes,1.0,1,1.0,3.0,2.0,1.0,3.0,2.0,4.0,1.0,1.0,3.0,2.0,2.0,原著卡通的還原度 How matches with the original cartoon,親友推薦 Recommendations from friends,演員的天賦（如：唱歌）Actor/actress’s talent(e.g. singing),4.0,1,22.0,女性 Female,Singaporean,大學/專科 Bachelor degree,"Reddit, Facebook, Instagram",huiqing1501@gmail.com,,Black
2023-05-23 18:20:02.346,是 Yes,1.0,3,1.0,4.0,3.0,5.0,4.0,2.0,3.0,2.0,4.0,1.0,2.0,4.0,網路聲量/口碑 Word of mouth,演員的知名度 Actor/actress’s reputation,演員的天賦（如：唱歌）Actor/actress’s talent(e.g. singing),5.0,3,30.0,男性 Male,台灣,大學/專科 Bachelor degree,"Twitter, Facebook, Instagram, TikTok",wenchen1225@gmail.com,無,Black
2023-05-23 18:29:03.588,是 Yes,1.0,-4,1.0,4.0,2.0,2.0,5.0,3.0,1.0,4.0,4.0,2.0,1.0,1.0,原著卡通的還原度 How matches with the original cartoon,原著劇情 Original story plot,親友推薦 Recommendations from friends,5.0,-2,21.0,女性 Female,中華民國,大學/專科 Bachelor degree,"Dcard, Facebook, Instagram",109509217@nccu.edu.tw,,Black
2023-05-23 18:37:01.103,是 Yes,1.0,-4,1.0,5.0,1.0,1.0,4.0,4.0,3.0,1.0,4.0,2.0,2.0,2.0,原著劇情 Original story plot,原著卡通的還原度 How matches with the original cartoon,親友推薦 Recommendations from friends,4.0,1,22.0,女性 Female,中華民國,大學/專科 Bachelor degree,"Dcard, Facebook",108305069@g.NCCU.edu.tw,年齡可以用選項～～～,Black
2023-05-23 18:37:42.409,是 Yes,1.0,3,1.0,4.0,1.0,2.0,4.0,3.0,2.0,1.0,3.0,2.0,2.0,4.0,演員的美貌 Actor/actress’s beauty,原著卡通的還原度 How matches with the original cartoon,演員的天賦（如：唱歌）Actor/actress’s talent(e.g. singing),5.0,-1,19.0,女性 Female,Taiwan,大學/專科 Bachelor degree,Instagram,Annie92728@gmail.com,,Black
2023-05-23 18:39:47.324,是 Yes,1.0,5,1.0,5.0,1.0,5.0,5.0,5.0,4.0,4.0,3.0,3.0,3.0,4.0,原著劇情 Original story plot,演員的知名度 Actor/actress’s reputation,原著卡通的還原度 How matches with the original cartoon,4.0,4,56.0,男性 Male,中華民國,大學/專科 Bachelor degree,"Twitter, Facebook, Instagram, TikTok",2323550@gmail.com,,Black
2023-05-23 18:47:08.667,是 Yes,1.0,5,0.0,5.0,1.0,1.0,3.0,3.0,1.0,1.0,5.0,3.0,3.0,3.0,網路聲量/口碑 Word of mouth,演員的天賦（如：唱歌）Actor/actress’s talent(e.g. singing),演員的知名度 Actor/actress’s reputation,3.0,5,22.0,女性 Female,Taiwan,大學/專科 Bachelor degree,"Dcard, Facebook, Instagram",108509218@g.nccu.edu.tw,,Black
2023-05-23 18:54:18.483,是 Yes,1.0,-3,0.0,3.0,3.0,3.0,3.0,3.0,2.0,4.0,2.0,2.0,2.0,5.0,演員的美貌 Actor/actress’s beauty,原著劇情 Original story plot,網路聲量/口碑 Word of mouth,5.0,-3,22.0,女性 Female,台灣,大學/專科 Bachelor degree,Instagram,A32507826@gmail.com,好多好長 洪靖芬給我星巴克 寄到沈蕎萱家,Black
2023-05-23 18:54:30.622,是 Yes,1.0,-3,1.0,4.0,2.0,2.0,5.0,3.0,4.0,1.0,3.0,3.0,2.0,3.0,原著劇情 Original story plot,網路聲量/口碑 Word of mouth,原著卡通的還原度 How matches with the original cartoon,4.0,1,22.0,女性 Female,台灣,大學/專科 Bachelor degree,"Dcard, Facebook, Instagram",jenny0428wu@gmail.com,,Black
2023-05-23 18:54:39.325,是 Yes,1.0,3,1.0,2.0,4.0,4.0,5.0,1.0,4.0,1.0,3.0,4.0,4.0,5.0,原著卡通的還原度 How matches with the original cartoon,演員的天賦（如：唱歌）Actor/actress’s talent(e.g. singing),原著劇情 Original story plot,4.0,-1,21.0,男性 Male,台灣,大學/專科 Bachelor degree,"Facebook, Instagram",Tonyfang910512@gmail.com,無,Black
2023-05-23 19:10:31.389,是 Yes,1.0,4,1.0,3.0,3.0,4.0,5.0,1.0,2.0,3.0,4.0,2.0,1.0,3.0,原著卡通的還原度 How matches with the original cartoon,網路聲量/口碑 Word of mouth,演員的知名度 Actor/actress’s reputation,3.0,3,21.0,女性 Female,Taiwan,大學/專科 Bachelor degree,"Facebook, Instagram",sh10150631@gmail.com,,Black
2023-05-23 19:14:21.024,是 Yes,1.0,-5,1.0,5.0,3.0,3.0,5.0,5.0,3.0,1.0,3.0,3.0,3.0,3.0,原著卡通的還原度 How matches with the original cartoon,演員的膚色 Actor/actress’s skin color,原著劇情 Original story plot,3.0,-5,26.0,男性 Male,台灣,大學/專科 Bachelor degree,"Twitter, Dcard, PTT, Facebook, Instagram",jjolm221@livemail.tw,,Black
2023-05-23 19:16:11.431,是 Yes,1.0,-5,1.0,1.0,1.0,4.0,5.0,1.0,4.0,2.0,4.0,4.0,4.0,4.0,原著劇情 Original story plot,原著卡通的還原度 How matches with the original cartoon,網路聲量/口碑 Word of mouth,4.0,-3,23.0,男性 Male,台灣,大學/專科 Bachelor degree,Facebook,108702052@nccu.edu.tw ,,Black
2023-05-23 19:21:54.564,是 Yes,1.0,3,1.0,3.0,3.0,3.0,4.0,3.0,2.0,3.0,5.0,4.0,3.0,3.0,原著卡通的還原度 How matches with the original cartoon,演員的天賦（如：唱歌）Actor/actress’s talent(e.g. singing),親友推薦 Recommendations from friends,3.0,-2,20.0,女性 Female,Spanish,大學/專科 Bachelor degree,"Twitter, Instagram",al403924@uji.es,,Black
2023-05-23 19:25:02.667,是 Yes,1.0,3,1.0,1.0,4.0,4.0,5.0,2.0,1.0,4.0,4.0,1.0,1.0,1.0,原著卡通的還原度 How matches with the original cartoon,原著劇情 Original story plot,演員的美貌 Actor/actress’s beauty,4.0,-3,22.0,女性 Female,台灣,大學/專科 Bachelor degree,"Dcard, Facebook, Instagram",108509118@g.nccu.edu.tw,,Black
2023-05-23 19:30:02.365,是 Yes,1.0,-2,1.0,4.0,3.0,2.0,3.0,1.0,3.0,3.0,2.0,1.0,1.0,1.0,原著劇情 Original story plot,網路聲量/口碑 Word of mouth,原著卡通的還原度 How matches with the original cartoon,5.0,-5,21.0,女性 Female,Spanish,高中 High school,Instagram,begomlozanoperez@gmail.com,,Black
2023-05-23 19:30:10.182,是 Yes,1.0,4,1.0,5.0,1.0,1.0,5.0,3.0,2.0,2.0,4.0,4.0,3.0,3.0,原著卡通的還原度 How matches with the original cartoon,網路聲量/口碑 Word of mouth,親友推薦 Recommendations from friends,4.0,2,23.0,女性 Female,Singaporean,大學/專科 Bachelor degree,"Instagram, TikTok",hazelteo73@gmail.com,,Black
2023-05-23 19:53:00.459,是 Yes,0.0,3,1.0,5.0,1.0,3.0,5.0,3.0,1.0,3.0,1.0,1.0,1.0,1.0,演員的美貌 Actor/actress’s beauty,親友推薦 Recommendations from friends,演員的知名度 Actor/actress’s reputation,3.0,2,38.0,女性 Female,台灣,高中 High school,Facebook,usa54870725@gmail.com,,Black
2023-05-23 20:07:41.493,是 Yes,1.0,2,1.0,5.0,1.0,1.0,4.0,4.0,3.0,1.0,1.0,1.0,3.0,2.0,親友推薦 Recommendations from friends,原著卡通的還原度 How matches with the original cartoon,演員的美貌 Actor/actress’s beauty,5.0,-3,22.0,女性 Female,台灣,大學/專科 Bachelor degree,"Facebook, Instagram",108305072@g.nccu.edu.tw,,Black
2023-05-23 20:09:21.172,是 Yes,1.0,4,1.0,4.0,3.0,3.0,3.0,3.0,1.0,2.0,1.0,1.0,1.0,1.0,原著卡通的還原度 How matches with the original cartoon,原著劇情 Original story plot,演員的天賦（如：唱歌）Actor/actress’s talent(e.g. singing),2.0,2,50.0,不想透露 Unwilling to disclose,台灣,高中 High school,PTT,as0919758272@gmail.com,,Black
2023-05-23 20:10:20.659,是 Yes,1.0,1,1.0,5.0,1.0,1.0,5.0,4.0,5.0,1.0,1.0,2.0,2.0,2.0,原著劇情 Original story plot,親友推薦 Recommendations from friends,演員的天賦（如：唱歌）Actor/actress’s talent(e.g. singing),3.0,3,21.0,女性 Female,French,大學/專科 Bachelor degree,Instagram,louisebc57@gmail.com,,Black
2023-05-23 20:10:53.078,是 Yes,1.0,-2,1.0,4.0,2.0,2.0,3.0,3.0,3.0,1.0,3.0,3.0,2.0,2.0,原著卡通的還原度 How matches with the original cartoon,演員的美貌 Actor/actress’s beauty,原著劇情 Original story plot,4.0,-2,22.0,女性 Female,台灣,大學/專科 Bachelor degree,Instagram,108207247@g.nccu.edu.tw,,Black
2023-05-23 20:11:05.915,是 Yes,1.0,-5,1.0,2.0,4.0,5.0,3.0,2.0,1.0,4.0,5.0,2.0,1.0,3.0,原著卡通的還原度 How matches with the original cartoon,演員的膚色 Actor/actress’s skin color,網路聲量/口碑 Word of mouth,5.0,-4,24.0,男性 Male,台灣,研究所及以上 Master degree or above,"Twitter, Facebook, Instagram",cba5432195@gmail.com,,Black
2023-05-23 20:11:19.667,是 Yes,1.0,5,1.0,3.0,3.0,3.0,3.0,3.0,3.0,3.0,3.0,3.0,3.0,3.0,原著卡通的還原度 How matches with the original cartoon,原著劇情 Original story plot,演員的天賦（如：唱歌）Actor/actress’s talent(e.g. singing),3.0,4,37.0,女性 Female,台灣,高中 High school,Facebook,o940824@yahoo.com.tw,,Black
2023-05-23 20:14:26.216,是 Yes,1.0,2,1.0,4.0,2.0,2.0,4.0,4.0,2.0,3.0,3.0,3.0,3.0,3.0,演員的美貌 Actor/actress’s beauty,原著卡通的還原度 How matches with the original cartoon,原著劇情 Original story plot,4.0,-1,38.0,男性 Male,中華民國,研究所及以上 Master degree or above,"PTT, Facebook, Instagram",hcwjeremy@gmail.com,,Black
2023-05-23 20:15:21.160,是 Yes,1.0,3,1.0,5.0,1.0,1.0,5.0,5.0,2.0,3.0,2.0,3.0,3.0,3.0,演員的天賦（如：唱歌）Actor/actress’s talent(e.g. singing),原著劇情 Original story plot,原著卡通的還原度 How matches with the original cartoon,5.0,1,30.0,女性 Female,台灣,高中 High school,"Facebook, Instagram",mickey960109@gmail.com,沒有,Black
2023-05-23 20:16:08.110,是 Yes,1.0,-5,1.0,5.0,3.0,4.0,5.0,2.0,3.0,3.0,3.0,4.0,4.0,1.0,演員的美貌 Actor/actress’s beauty,原著卡通的還原度 How matches with the original cartoon,原著劇情 Original story plot,2.0,-5,22.0,男性 Male,中華民國,大學/專科 Bachelor degree,"Twitter, Facebook, Instagram",liaoliao0913@gmail.com,Adalyn 希望我能獲獎,Black
2023-05-23 20:17:45.634,是 Yes,1.0,5,1.0,5.0,4.0,4.0,5.0,3.0,5.0,5.0,5.0,3.0,3.0,3.0,原著卡通的還原度 How matches with the original cartoon,原著劇情 Original story plot,網路聲量/口碑 Word of mouth,3.0,5,42.0,女性 Female,台灣,高中 High school,Reddit,s758860@gmail.com,,Black
2023-05-23 20:27:30.102,是 Yes,1.0,3,1.0,5.0,1.0,1.0,5.0,5.0,2.0,3.0,3.0,4.0,4.0,4.0,原著卡通的還原度 How matches with the original cartoon,演員的天賦（如：唱歌）Actor/actress’s talent(e.g. singing),網路聲量/口碑 Word of mouth,4.0,-4,22.0,不想透露 Unwilling to disclose,台灣,大學/專科 Bachelor degree,"Twitter, Facebook",heanlan398@gmail.com,,Black
2023-05-23 20:27:31.221,是 Yes,1.0,4,0.0,4.0,4.0,3.0,4.0,4.0,4.0,4.0,4.0,2.0,4.0,4.0,網路聲量/口碑 Word of mouth,演員的知名度 Actor/actress’s reputation,演員的美貌 Actor/actress’s beauty,4.0,1,22.0,女性 Female,台灣,大學/專科 Bachelor degree,"PTT, Facebook, Instagram, TikTok",c9889hu891012@gmail.com,,Black
2023-05-23 20:28:11.618,是 Yes,1.0,5,1.0,4.0,2.0,2.0,4.0,4.0,2.0,5.0,4.0,2.0,3.0,3.0,演員的美貌 Actor/actress’s beauty,原著卡通的還原度 How matches with the original cartoon,演員的天賦（如：唱歌）Actor/actress’s talent(e.g. singing),4.0,3,54.0,女性 Female,台灣,大學/專科 Bachelor degree,"Facebook, TikTok",xyzsuge@gmail.com,無,Black
2023-05-23 20:28:55.739,是 Yes,1.0,3,1.0,5.0,1.0,1.0,4.0,4.0,3.0,2.0,2.0,2.0,3.0,3.0,演員的美貌 Actor/actress’s beauty,原著卡通的還原度 How matches with the original cartoon,網路聲量/口碑 Word of mouth,5.0,-1,21.0,女性 Female,Tp,大學/專科 Bachelor degree,"Dcard, Facebook, Instagram, TikTok",tricia1026ramos@gmail.com,,Black
2023-05-23 20:29:11.803,是 Yes,1.0,-3,1.0,3.0,2.0,1.0,3.0,2.0,3.0,1.0,4.0,2.0,2.0,2.0,原著劇情 Original story plot,演員的天賦（如：唱歌）Actor/actress’s talent(e.g. singing),親友推薦 Recommendations from friends,3.0,1,21.0,女性 Female,British-Egyptian,大學/專科 Bachelor degree,"Instagram, YouTube ",banoorai@gmail.com,"The questionnaire focusses mainly on the issue of representation or diversity and inclusion. While this has sparked debate regarding certain movie remakes I feel that the question of originality is ignored. Race seems to be put at the forefront of the little mermaid controversy, and this is seen as the main motivation to watch or not watch the movie. The issue however is that Disney has been making remakes for a while as opposed to new or original content. The little tweaks or changes they make in live-action movies such as race-switching seems to be used as a replacement for new and original stories. Fairy tales and their remakes, especially Hans' Christian Andersen's have always been retouched to convey certain morals based on societal changes (for example compare the original moral of the Red Shoes fairy tale to its later movie adaptation). Even the original religious moral conveyed in the somewhat tragic end of the original little mermaid story is not conveyed in Disney's first movie adaptation. However Disney's more recent movie adaptations don't seem to follow such a tradition. Instead they seem to profit from politicised social issues to create social buzz. The casting of diverse characters by Disney in itself then seems like an insincere cash-grab rather than a new or profound message that reflects the changing nature of our society.  I think that this is what will ultimately affect further Disney sales. ",Black
2023-05-23 20:30:09.327,是 Yes,1.0,1,1.0,3.0,3.0,3.0,3.0,3.0,3.0,2.0,2.0,3.0,3.0,3.0,原著卡通的還原度 How matches with the original cartoon,原著劇情 Original story plot,親友推薦 Recommendations from friends,4.0,-2,22.0,男性 Male,台灣,大學/專科 Bachelor degree,Twitter,a303022224@gmail.com,,Black
2023-05-23 20:32:32.024,是 Yes,0.0,2,0.0,3.0,3.0,2.0,3.0,3.0,2.0,3.0,3.0,3.0,3.0,3.0,親友推薦 Recommendations from friends,網路聲量/口碑 Word of mouth,演員的天賦（如：唱歌）Actor/actress’s talent(e.g. singing),4.0,1,40.0,女性 Female,台灣,大學/專科 Bachelor degree,Facebook,as0934302712@gmail.com,,Black
2023-05-23 20:50:00.572,是 Yes,1.0,5,1.0,5.0,5.0,5.0,5.0,5.0,5.0,5.0,5.0,5.0,5.0,5.0,演員的美貌 Actor/actress’s beauty,演員的天賦（如：唱歌）Actor/actress’s talent(e.g. singing),演員的知名度 Actor/actress’s reputation,5.0,5,29.0,女性 Female,台灣,高中 High school,"Facebook, Instagram, TikTok",love821018love@gmail.com,,Black
2023-05-23 21:17:19.637,是 Yes,1.0,-1,1.0,3.0,4.0,4.0,3.0,2.0,3.0,2.0,2.0,1.0,1.0,2.0,原著卡通的還原度 How matches with the original cartoon,演員的知名度 Actor/actress’s reputation,原著劇情 Original story plot,3.0,-1,39.0,女性 Female,台灣,大學/專科 Bachelor degree,"Facebook, Instagram",kiks732001@yahoo.com.tw,沒有,Black
2023-05-23 21:38:08.187,是 Yes,1.0,4,1.0,5.0,1.0,1.0,5.0,5.0,2.0,1.0,5.0,3.0,3.0,3.0,演員的天賦（如：唱歌）Actor/actress’s talent(e.g. singing),原著劇情 Original story plot,演員的美貌 Actor/actress’s beauty,4.0,3,22.0,女性 Female,台灣,大學/專科 Bachelor degree,Instagram,108509107@nccu.edu.tw,,Black
2023-05-23 21:42:23.983,是 Yes,1.0,-1,1.0,4.0,2.0,5.0,5.0,4.0,4.0,2.0,3.0,3.0,3.0,3.0,原著劇情 Original story plot,網路聲量/口碑 Word of mouth,原著卡通的還原度 How matches with the original cartoon,4.0,2,20.0,男性 Male,香港,大學/專科 Bachelor degree,"Facebook, Instagram",chrisroland51158153@gmail.com,,Black
2023-05-23 21:46:41.491,是 Yes,1.0,3,0.0,3.0,1.0,1.0,5.0,4.0,5.0,4.0,3.0,2.0,2.0,2.0,原著卡通的還原度 How matches with the original cartoon,演員的膚色 Actor/actress’s skin color,演員的天賦（如：唱歌）Actor/actress’s talent(e.g. singing),5.0,3,38.0,女性 Female,台灣,大學/專科 Bachelor degree,Facebook,a223017993@yahoo.com.tw,沒有,Black
2023-05-23 21:49:36.206,是 Yes,1.0,3,1.0,5.0,1.0,1.0,2.0,5.0,4.0,1.0,3.0,4.0,4.0,4.0,演員的天賦（如：唱歌）Actor/actress’s talent(e.g. singing),原著劇情 Original story plot,網路聲量/口碑 Word of mouth,4.0,3,22.0,女性 Female,台灣,大學/專科 Bachelor degree,"Dcard, Facebook, Instagram",Judylip18c@gmail.com,,Black
2023-05-23 21:55:59.300,是 Yes,1.0,3,1.0,4.0,2.0,2.0,4.0,4.0,3.0,2.0,2.0,4.0,4.0,4.0,原著劇情 Original story plot,演員的天賦（如：唱歌）Actor/actress’s talent(e.g. singing),原著卡通的還原度 How matches with the original cartoon,2.0,3,40.0,男性 Male,中華民國,大學/專科 Bachelor degree,"PTT, Instagram",samkaku71@gmail.com,,Black
2023-05-23 21:57:59.381,是 Yes,1.0,3,1.0,5.0,4.0,1.0,4.0,5.0,3.0,2.0,3.0,3.0,3.0,4.0,原著卡通的還原度 How matches with the original cartoon,原著劇情 Original story plot,網路聲量/口碑 Word of mouth,4.0,-1,30.0,女性 Female,台灣,高中 High school,"Dcard, Facebook, Instagram, TikTok",a09171567936@gmail.com,,Black
2023-05-23 22:00:56.016,是 Yes,1.0,1,1.0,3.0,1.0,1.0,3.0,3.0,2.0,3.0,3.0,2.0,2.0,2.0,網路聲量/口碑 Word of mouth,原著劇情 Original story plot,原著卡通的還原度 How matches with the original cartoon,5.0,1,27.0,女性 Female,Taiwan ,研究所及以上 Master degree or above,"Twitter, Dcard, PTT, Facebook, Instagram",ginseng685@gmail.com,,Black
2023-05-23 22:01:21.664,是 Yes,1.0,-1,1.0,5.0,3.0,1.0,4.0,4.0,1.0,3.0,2.0,2.0,2.0,3.0,原著劇情 Original story plot,演員的美貌 Actor/actress’s beauty,演員的知名度 Actor/actress’s reputation,5.0,-1,22.0,女性 Female,Taiwan,研究所及以上 Master degree or above,"Facebook, Instagram",yuki_lee0725@yahoo.com.tw,,Black
2023-05-23 22:02:55.499,是 Yes,1.0,2,1.0,4.0,2.0,2.0,4.0,4.0,3.0,2.0,4.0,4.0,4.0,4.0,原著卡通的還原度 How matches with the original cartoon,原著劇情 Original story plot,演員的美貌 Actor/actress’s beauty,3.0,2,44.0,女性 Female,台灣,大學/專科 Bachelor degree,Facebook,hcy690411@gmail.com,,Black
2023-05-23 22:09:38.304,是 Yes,1.0,-4,1.0,4.0,2.0,2.0,3.0,3.0,2.0,1.0,3.0,3.0,3.0,3.0,演員的天賦 （如：唱歌）Actor/actress’s talent (e.g. singing),原著劇情 Original story plot,網路聲量/口碑 Word of mouth,4.0,-1,17.0,女性 Female,台灣,大學/專科 Bachelor degree,"Facebook, Instagram",claire20050824@gmail.com,無,Black
2023-05-23 22:10:18.252,是 Yes,1.0,2,1.0,4.0,2.0,2.0,3.0,2.0,2.0,3.0,2.0,1.0,1.0,1.0,原著卡通的還原度 How matches with the original cartoon,演員的天賦（如：唱歌）Actor/actress’s talent(e.g. singing),網路聲量/口碑 Word of mouth,4.0,-4,26.0,女性 Female,台灣,大學/專科 Bachelor degree,"Twitter, Facebook, Instagram, TikTok",a0931789528@gmail.com,,Black
2023-05-23 22:17:39.143,是 Yes,1.0,3,1.0,4.0,1.0,1.0,3.0,4.0,3.0,1.0,3.0,4.0,4.0,3.0,網路聲量/口碑 Word of mouth,親友推薦 Recommendations from friends,演員的天賦（如：唱歌）Actor/actress’s talent(e.g. singing),4.0,3,47.0,女性 Female,Taiwan,研究所及以上 Master degree or above,"Facebook, Instagram",abunnybunny@gmail.com,無,Black
2023-05-23 22:31:26.570,是 Yes,1.0,-3,1.0,4.0,2.0,2.0,5.0,2.0,1.0,2.0,1.0,1.0,1.0,2.0,原著卡通的還原度 How matches with the original cartoon,原著劇情 Original story plot,演員的知名度 Actor/actress’s reputation,4.0,-3,22.0,女性 Female,台灣,大學/專科 Bachelor degree,"Twitter, Dcard, Instagram",selinawin89@gmail.com ,,Black
2023-05-23 22:55:42.341,是 Yes,1.0,-2,1.0,4.0,3.0,3.0,4.0,3.0,3.0,2.0,3.0,2.0,2.0,3.0,原著劇情 Original story plot,原著卡通的還原度 How matches with the original cartoon,演員的美貌 Actor/actress’s beauty,3.0,-2,22.0,女性 Female,台灣,大學/專科 Bachelor degree,"Twitter, Dcard, Instagram",10555029@ntub.edu.tw,,Black
2023-05-23 22:58:33.057,是 Yes,1.0,1,1.0,5.0,1.0,1.0,2.0,5.0,5.0,1.0,2.0,3.0,3.0,3.0,演員的天賦（如：唱歌）Actor/actress’s talent(e.g. singing),演員的美貌 Actor/actress’s beauty,原著劇情 Original story plot,4.0,3,35.0,非二元性別 Nonbinary,Taiwan,大學/專科 Bachelor degree,"Dcard, Facebook, Instagram",vehiclefor382@gmail.com,,Black
2023-05-23 23:00:27.522,是 Yes,1.0,3,1.0,2.0,4.0,3.0,2.0,3.0,4.0,2.0,3.0,4.0,4.0,3.0,原著卡通的還原度 How matches with the original cartoon,網路聲量/口碑 Word of mouth,親友推薦 Recommendations from friends,4.0,2,21.0,女性 Female,台灣,大學/專科 Bachelor degree,"Dcard, Facebook, Instagram",108509214@nccu.edu.tw,,Black
2023-05-23 23:08:11.023,是 Yes,1.0,5,1.0,4.0,2.0,1.0,4.0,2.0,4.0,2.0,2.0,2.0,3.0,3.0,原著劇情 Original story plot,網路聲量/口碑 Word of mouth,親友推薦 Recommendations from friends,3.0,2,22.0,女性 Female,台灣,大學/專科 Bachelor degree,"Facebook, Instagram",不需抽獎,我覺得看評論影響觀看意願那邊，可以多一個沒影響的選項，而且只有四則評論感覺比較沒有代表性，要根據這樣去選擇會不會影響觀看意願有點困難,Black
2023-05-23 23:18:28.196,是 Yes,1.0,2,1.0,3.0,2.0,1.0,4.0,3.0,2.0,3.0,3.0,3.0,3.0,3.0,原著卡通的還原度 How matches with the original cartoon,演員的知名度 Actor/actress’s reputation,網路聲量/口碑 Word of mouth,3.0,2,21.0,男性 Male,中華民國,大學/專科 Bachelor degree,"Facebook, Instagram",peistudii0315@gmail.com,,Black
2023-05-23 23:41:57.491,是 Yes,1.0,1,1.0,5.0,1.0,2.0,3.0,4.0,3.0,1.0,3.0,3.0,3.0,3.0,原著卡通的還原度 How matches with the original cartoon,演員的知名度 Actor/actress’s reputation,原著劇情 Original story plot,4.0,2,25.0,女性 Female,taiwan,研究所及以上 Master degree or above,"Dcard, Instagram, TikTok",grace142466@gmail.com,no,Black
2023-05-23 23:50:59.352,是 Yes,1.0,4,1.0,3.0,3.0,3.0,5.0,5.0,2.0,4.0,2.0,2.0,2.0,2.0,演員的天賦（如：唱歌）Actor/actress’s talent(e.g. singing),演員的美貌 Actor/actress’s beauty,原著劇情 Original story plot,3.0,1,50.0,女性 Female,台灣,高中 High school,"Facebook, Instagram, TikTok",hui830407@gmail.com,,Black
2023-05-23 23:56:36.946,是 Yes,1.0,-4,1.0,3.0,4.0,3.0,4.0,2.0,3.0,2.0,4.0,4.0,4.0,4.0,原著卡通的還原度 How matches with the original cartoon,親友推薦 Recommendations from friends,網路聲量/口碑 Word of mouth,5.0,-3,22.0,女性 Female,Taiwan,大學/專科 Bachelor degree,"Dcard, Facebook, Instagram",108509215@g.nccu.edu.tw,,Black
2023-05-23 23:58:42.721,是 Yes,1.0,-1,1.0,4.0,2.0,2.0,5.0,3.0,4.0,3.0,2.0,2.0,2.0,1.0,原著卡通的還原度 How matches with the original cartoon,原著劇情 Original story plot,網路聲量/口碑 Word of mouth,4.0,2,21.0,女性 Female,台灣,大學/專科 Bachelor degree,"Dcard, Facebook, Instagram",108508003@g.nccu.edu.tw,,Black
2023-05-24 00:06:36.999,是 Yes,1.0,2,1.0,4.0,1.0,1.0,4.0,3.0,3.0,1.0,3.0,3.0,3.0,4.0,原著劇情 Original story plot,原著卡通的還原度 How matches with the original cartoon,演員的美貌 Actor/actress’s beauty,4.0,-2,22.0,女性 Female,Taiwan,大學/專科 Bachelor degree,Instagram,108101022@nccu.edu.tw,,Black
2023-05-24 00:19:15.451,是 Yes,1.0,-3,1.0,4.0,2.0,1.0,4.0,4.0,2.0,4.0,5.0,2.0,3.0,3.0,原著卡通的還原度 How matches with the original cartoon,演員的天賦（如：唱歌）Actor/actress’s talent(e.g. singing),原著劇情 Original story plot,4.0,-1,21.0,女性 Female,台灣,大學/專科 Bachelor degree,"Dcard, Facebook",1214mitty@gmail.com,Q3:(我同意留言觀點)這邊，在前面的留言中其實存有幾個不同的立場，所以嚴格來說只是同意部分留言，覺得這邊可以再分得更清楚一點,Black
2023-05-24 00:28:08.783,是 Yes,1.0,5,1.0,5.0,1.0,1.0,5.0,5.0,3.0,1.0,4.0,4.0,4.0,5.0,原著卡通的還原度 How matches with the original cartoon,演員的知名度 Actor/actress’s reputation,網路聲量/口碑 Word of mouth,5.0,4,23.0,女性 Female,台灣,研究所及以上 Master degree or above,"Dcard, Facebook, Instagram",gyuan1227@icloud.com,,Black
2023-05-24 00:56:26.761,是 Yes,1.0,5,1.0,4.0,3.0,4.0,5.0,2.0,5.0,1.0,5.0,5.0,5.0,5.0,原著卡通的還原度 How matches with the original cartoon,原著劇情 Original story plot,演員的天賦（如：唱歌）Actor/actress’s talent(e.g. singing),1.0,1,22.0,女性 Female,台灣,高中 High school,"Dcard, Instagram",chiamei891204@gmail.com,,Black
2023-05-24 01:34:32.948,是 Yes,1.0,5,0.0,5.0,1.0,1.0,5.0,3.0,3.0,1.0,5.0,5.0,3.0,1.0,原著劇情 Original story plot,原著卡通的還原度 How matches with the original cartoon,網路聲量/口碑 Word of mouth,2.0,5,27.0,女性 Female,台灣,大學/專科 Bachelor degree,"Facebook, Instagram",拒絕提供,,Black
2023-05-24 01:50:21.803,是 Yes,1.0,-1,1.0,1.0,5.0,5.0,2.0,1.0,1.0,5.0,2.0,1.0,1.0,1.0,原著卡通的還原度 How matches with the original cartoon,原著劇情 Original story plot,親友推薦 Recommendations from friends,5.0,-5,22.0,女性 Female,無,大學/專科 Bachelor degree,Twitter,.,,Black
2023-05-24 02:34:48.824,是 Yes,1.0,-4,1.0,3.0,2.0,1.0,4.0,4.0,2.0,4.0,3.0,2.0,1.0,1.0,原著劇情 Original story plot,網路聲量/口碑 Word of mouth,親友推薦 Recommendations from friends,4.0,-4,22.0,女性 Female,臺灣,高中 High school,"Facebook, Instagram",emily604141117@gmail.com,,Black
2023-05-24 03:08:18.083,是 Yes,1.0,2,1.0,2.0,2.0,2.0,3.0,2.0,4.0,1.0,4.0,4.0,4.0,4.0,原著劇情 Original story plot,原著卡通的還原度 How matches with the original cartoon,親友推薦 Recommendations from friends,2.0,-2,22.0,女性 Female,台灣,大學/專科 Bachelor degree,"Dcard, Facebook, Instagram",amyyeh12423@gmail.com,,Black
2023-05-24 04:50:03.970,是 Yes,1.0,4,1.0,2.0,4.0,4.0,5.0,3.0,2.0,2.0,3.0,3.0,2.0,2.0,原著卡通的還原度 How matches with the original cartoon,網路聲量/口碑 Word of mouth,演員的天賦（如：唱歌）Actor/actress’s talent(e.g. singing),5.0,-1,23.0,女性 Female,台灣,大學/專科 Bachelor degree,Instagram,rio890327@gmail.com,,Black
2023-05-24 06:27:50.947,是 Yes,1.0,1,1.0,4.0,2.0,3.0,5.0,3.0,2.0,3.0,4.0,2.0,3.0,2.0,原著卡通的還原度 How matches with the original cartoon,原著劇情 Original story plot,親友推薦 Recommendations from friends,4.0,-4,25.0,女性 Female,Hong Kong,大學/專科 Bachelor degree,"Dcard, Instagram",whosboooom@gmail.com,,Black
2023-05-24 08:14:28.604,是 Yes,1.0,2,1.0,4.0,2.0,2.0,3.0,3.0,2.0,2.0,4.0,3.0,3.0,2.0,原著卡通的還原度 How matches with the original cartoon,原著劇情 Original story plot,網路聲量/口碑 Word of mouth,4.0,3,27.0,女性 Female,台灣,大學/專科 Bachelor degree,"Dcard, Instagram",zxc60012@yahoo.com.tw,,Black
2023-05-24 08:30:43.743,是 Yes,1.0,1,1.0,4.0,2.0,2.0,4.0,3.0,3.0,2.0,4.0,3.0,3.0,3.0,原著卡通的還原度 How matches with the original cartoon,演員的天賦（如：唱歌）Actor/actress’s talent(e.g. singing),親友推薦 Recommendations from friends,5.0,-1,31.0,男性 Male,台灣,研究所及以上 Master degree or above,"Dcard, Facebook, Instagram",misoda4466@gmail.com,,Black
2023-05-24 08:50:13.895,是 Yes,1.0,3,0.0,4.0,3.0,2.0,5.0,1.0,2.0,1.0,3.0,4.0,3.0,3.0,原著劇情 Original story plot,網路聲量/口碑 Word of mouth,演員的知名度 Actor/actress’s reputation,2.0,3,22.0,女性 Female,台灣,大學/專科 Bachelor degree,"Twitter, Dcard, Facebook, Instagram",peggy60926@gmail.com,,Black
2023-05-24 09:37:02.330,是 Yes,1.0,-5,1.0,2.0,4.0,5.0,5.0,2.0,4.0,1.0,4.0,4.0,4.0,4.0,原著卡通的還原度 How matches with the original cartoon,原著劇情 Original story plot,網路聲量/口碑 Word of mouth,4.0,-5,22.0,女性 Female,Hong Kong,大學/專科 Bachelor degree,Instagram,yuenki17@gmail.com,,Black
2023-05-24 10:27:17.394,是 Yes,1.0,3,1.0,5.0,1.0,1.0,4.0,5.0,2.0,1.0,5.0,3.0,3.0,4.0,原著劇情 Original story plot,演員的知名度 Actor/actress’s reputation,演員的天賦（如：唱歌）Actor/actress’s talent(e.g. singing),4.0,1,22.0,女性 Female,Taiwan,大學/專科 Bachelor degree,"Dcard, Instagram",jiexin.li5320@gmail.com,很有趣的主題！期待你們的結果,Black
2023-05-24 11:29:40.458,是 Yes,1.0,-2,1.0,4.0,2.0,2.0,5.0,3.0,2.0,1.0,3.0,2.0,2.0,3.0,原著劇情 Original story plot,演員的美貌 Actor/actress’s beauty,演員的天賦（如：唱歌）Actor/actress’s talent(e.g. singing),2.0,-1,21.0,女性 Female,臺灣,大學/專科 Bachelor degree,"Facebook, Instagram",chao96124@outlook.com,,Black
2023-05-24 12:08:59.473,是 Yes,1.0,5,1.0,5.0,1.0,1.0,5.0,5.0,4.0,1.0,4.0,4.0,4.0,4.0,原著卡通的還原度 How matches with the original cartoon,原著劇情 Original story plot,網路聲量/口碑 Word of mouth,5.0,3,29.0,女性 Female,台灣,研究所及以上 Master degree or above,"Dcard, Facebook, Instagram",cathylin313@gmail.com,無,Black
2023-05-24 13:28:58.305,是 Yes,1.0,-3,1.0,5.0,5.0,4.0,4.0,4.0,3.0,3.0,3.0,4.0,4.0,3.0,演員的膚色 Actor/actress’s skin color,演員的美貌 Actor/actress’s beauty,演員的膚色 Actor/actress’s skin color,4.0,-1,23.0,男性 Male,中華民國,高中 High school,"Reddit, TikTok, Snapchat",005672.d@gmail.com,,Black
2023-05-24 14:33:07.791,是 Yes,1.0,1,1.0,5.0,4.0,4.0,4.0,5.0,1.0,5.0,5.0,4.0,4.0,4.0,演員的美貌 Actor/actress’s beauty,原著卡通的還原度 How matches with the original cartoon,網路聲量/口碑 Word of mouth,3.0,-3,33.0,女性 Female,台灣,大學/專科 Bachelor degree,"Twitter, Facebook, Instagram, TikTok",ace0156bbb@gmail.com,,Black
2023-05-24 14:38:04.186,是 Yes,1.0,-1,1.0,4.0,1.0,1.0,4.0,3.0,2.0,1.0,3.0,2.0,2.0,2.0,演員的天賦 （如：唱歌）Actor/actress’s talent (e.g. singing),演員的知名度 Actor/actress’s reputation,原著劇情 Original story plot,4.0,3,21.0,女性 Female,台灣,大學/專科 Bachelor degree,"Dcard, Facebook, Instagram",ginalin1211@gmail.com,,Black
2023-05-24 14:57:11.398,是 Yes,1.0,2,1.0,3.0,2.0,2.0,5.0,5.0,2.0,2.0,1.0,3.0,3.0,3.0,原著卡通的還原度 How matches with the original cartoon,原著劇情 Original story plot,網路聲量/口碑 Word of mouth,5.0,2,22.0,女性 Female,台灣,大學/專科 Bachelor degree,"Dcard, Facebook, Instagram",pennygd811@gmail.com,無,Black
2023-05-24 15:34:12.832,是 Yes,1.0,4,1.0,3.0,1.0,1.0,5.0,3.0,1.0,1.0,3.0,1.0,1.0,1.0,原著卡通的還原度 How matches with the original cartoon,原著劇情 Original story plot,演員的天賦（如：唱歌）Actor/actress’s talent(e.g. singing),5.0,1,20.0,女性 Female,Ukrainian,高中 High school,"Instagram, Snapchat",yul.balan@gmail.com,,Black
2023-05-24 15:52:44.297,是 Yes,1.0,4,1.0,4.0,2.0,2.0,3.0,3.0,3.0,2.0,4.0,3.0,2.0,2.0,演員的天賦（如：唱歌）Actor/actress’s talent(e.g. singing),親友推薦 Recommendations from friends,網路聲量/口碑 Word of mouth,3.0,3,20.0,女性 Female,Ukrainian ,高中 High school,"Instagram, TikTok, Snapchat",yanaverbova21@gmail.com,,Black
2023-05-24 16:12:56.546,是 Yes,1.0,3,1.0,3.0,2.0,2.0,2.0,1.0,5.0,2.0,2.0,2.0,3.0,3.0,原著劇情 Original story plot,演員的美貌 Actor/actress’s beauty,網路聲量/口碑 Word of mouth,4.0,2,55.0,女性 Female,台灣,大學/專科 Bachelor degree,Facebook,theonlysophia@gmail.com,無,Black
2023-05-24 16:25:37.882,是 Yes,1.0,2,1.0,4.0,1.0,1.0,4.0,3.0,3.0,1.0,2.0,2.0,4.0,3.0,網路聲量/口碑 Word of mouth,演員的美貌 Actor/actress’s beauty,親友推薦 Recommendations from friends,3.0,2,22.0,男性 Male,ROC,研究所及以上 Master degree or above,Instagram,husam900424@gmail.com,,Black
2023-05-24 16:28:45.283,是 Yes,1.0,3,1.0,5.0,1.0,1.0,5.0,3.0,4.0,1.0,4.0,3.0,3.0,5.0,原著劇情 Original story plot,演員的天賦（如：唱歌）Actor/actress’s talent(e.g. singing),親友推薦 Recommendations from friends,1.0,3,19.0,女性 Female,German,高中 High school,"Instagram, TikTok, Snapchat",helen@geilenbruegge.de,,Black
2023-05-24 16:30:12.851,是 Yes,1.0,2,1.0,5.0,1.0,1.0,5.0,4.0,4.0,3.0,3.0,2.0,2.0,2.0,原著劇情 Original story plot,演員的天賦（如：唱歌）Actor/actress’s talent(e.g. singing),親友推薦 Recommendations from friends,4.0,3,20.0,女性 Female,USA,大學/專科 Bachelor degree,"Instagram, TikTok, Snapchat",ckruger1@ad.stetson.edu,great questionnaire! ,Black
2023-05-24 16:34:25.752,是 Yes,1.0,5,1.0,5.0,1.0,1.0,5.0,3.0,3.0,3.0,1.0,3.0,3.0,1.0,原著劇情 Original story plot,親友推薦 Recommendations from friends,網路聲量/口碑 Word of mouth,1.0,-1,20.0,女性 Female,Swedish,高中 High school,"Instagram, Snapchat",filippa@json.nu,,Black
2023-05-24 19:38:35.189,是 Yes,1.0,4,1.0,5.0,1.0,1.0,1.0,4.0,5.0,1.0,5.0,4.0,4.0,4.0,演員的天賦（如：唱歌）Actor/actress’s talent(e.g. singing),演員的知名度 Actor/actress’s reputation,原著劇情 Original story plot,5.0,5,22.0,女性 Female,Taiwan,大學/專科 Bachelor degree,"Facebook, Instagram",aelyau0215@gmail.com,,Black
2023-05-24 20:31:26.174,是 Yes,1.0,3,1.0,5.0,2.0,1.0,5.0,1.0,5.0,1.0,5.0,5.0,5.0,5.0,演員的美貌 Actor/actress’s beauty,原著卡通的還原度 How matches with the original cartoon,原著劇情 Original story plot,4.0,3,19.0,男性 Male,French,高中 High school,"Instagram, TikTok, Snapchat",Erosac77@gmail.com,,Black
2023-05-24 21:43:47.341,是 Yes,1.0,3,1.0,5.0,2.0,1.0,3.0,3.0,4.0,2.0,3.0,4.0,3.0,5.0,原著劇情 Original story plot,演員的知名度 Actor/actress’s reputation,原著卡通的還原度 How matches with the original cartoon,4.0,1,21.0,男性 Male,台灣,大學/專科 Bachelor degree,"Dcard, Facebook, Instagram, TikTok",john30374611504@gmail.com,祝研究順利,Black
2023-05-24 22:05:04.364,是 Yes,1.0,5,1.0,5.0,2.0,2.0,5.0,1.0,1.0,3.0,3.0,2.0,1.0,1.0,原著卡通的還原度 How matches with the original cartoon,原著劇情 Original story plot,網路聲量/口碑 Word of mouth,4.0,-1,22.0,女性 Female,台灣,大學/專科 Bachelor degree,Instagram,108502045@nccu.edu.tw,,Black
2023-05-24 22:20:33.250,是 Yes,1.0,3,1.0,3.0,3.0,3.0,4.0,3.0,4.0,2.0,3.0,3.0,3.0,3.0,演員的美貌 Actor/actress’s beauty,演員的天賦（如：唱歌）Actor/actress’s talent(e.g. singing),原著劇情 Original story plot,5.0,3,36.0,女性 Female,臺灣,研究所及以上 Master degree or above,"PTT, Facebook",yiwenwang1220@gmail.com,,Black
2023-05-24 22:29:39.430,是 Yes,1.0,3,1.0,2.0,2.0,2.0,4.0,2.0,2.0,2.0,4.0,2.0,2.0,2.0,原著卡通的還原度 How matches with the original cartoon,原著劇情 Original story plot,網路聲量/口碑 Word of mouth,4.0,1,16.0,女性 Female,中華民國,國中 Junior high school,"Facebook, Instagram",cyinlai8999@gmail.com,,Black
2023-05-24 23:37:57.892,是 Yes,1.0,4,1.0,5.0,4.0,2.0,2.0,4.0,2.0,3.0,4.0,3.0,3.0,4.0,演員的美貌 Actor/actress’s beauty,原著卡通的還原度 How matches with the original cartoon,網路聲量/口碑 Word of mouth,3.0,2,22.0,女性 Female,台灣,大學/專科 Bachelor degree,"Facebook, Instagram",suyufang10191019@gmail.com,,Black
2023-05-25 01:03:15.600,是 Yes,0.0,-3,1.0,4.0,2.0,2.0,4.0,3.0,2.0,1.0,2.0,2.0,2.0,4.0,演員的知名度 Actor/actress’s reputation,演員的天賦（如：唱歌）Actor/actress’s talent(e.g. singing),演員的美貌 Actor/actress’s beauty,1.0,3,25.0,女性 Female,台灣,大學/專科 Bachelor degree,"Twitter, Dcard, Instagram, TikTok",C109225137@nkust.edu.tw,主題很跟緊時事😂,Black
2023-05-25 03:16:27.227,是 Yes,0.0,-3,1.0,4.0,3.0,3.0,3.0,3.0,3.0,3.0,3.0,3.0,3.0,3.0,原著卡通的還原度 How matches with the original cartoon,原著劇情 Original story plot,網路聲量/口碑 Word of mouth,3.0,2,23.0,女性 Female,台灣,大學/專科 Bachelor degree,"Dcard, Facebook, Instagram",zxc08020427@gmail.com,辛苦了,Black
2023-05-25 09:46:27.116,是 Yes,1.0,-2,1.0,4.0,2.0,1.0,5.0,3.0,2.0,1.0,3.0,3.0,2.0,3.0,原著卡通的還原度 How matches with the original cartoon,演員的美貌 Actor/actress’s beauty,原著劇情 Original story plot,5.0,-1,24.0,男性 Male,台灣,研究所及以上 Master degree or above,"Dcard, Facebook, Instagram",marshall871018@gmail.com,,Black
2023-05-25 10:36:43.986,是 Yes,1.0,1,1.0,3.0,3.0,3.0,3.0,3.0,1.0,4.0,1.0,1.0,1.0,1.0,演員的美貌 Actor/actress’s beauty,網路聲量/口碑 Word of mouth,演員的天賦（如：唱歌）Actor/actress’s talent(e.g. singing),3.0,-1,17.0,不想透露 Unwilling to disclose,Taiwan,高中 High school,"Twitter, Dcard, PTT, Facebook, Instagram, TikTok",yiting950112@gmail.com,,Black
2023-05-25 10:55:28.291,是 Yes,1.0,2,1.0,4.0,2.0,5.0,5.0,2.0,3.0,1.0,4.0,4.0,4.0,5.0,原著卡通的還原度 How matches with the original cartoon,演員的知名度 Actor/actress’s reputation,網路聲量/口碑 Word of mouth,5.0,-1,24.0,女性 Female,台灣,研究所及以上 Master degree or above,"Dcard, PTT, Facebook, Instagram",stu20431@gmail.com,,Black
2023-05-25 10:57:38.595,是 Yes,1.0,1,1.0,3.0,2.0,2.0,5.0,3.0,2.0,2.0,4.0,3.0,3.0,3.0,演員的美貌 Actor/actress’s beauty,演員的天賦（如：唱歌）Actor/actress’s talent(e.g. singing),原著卡通的還原度 How matches with the original cartoon,4.0,1,22.0,非二元性別 Nonbinary,台灣,大學/專科 Bachelor degree,Instagram,justalittlecreature@gmail.com,,Black
2023-05-25 11:23:42.246,是 Yes,1.0,-1,1.0,4.0,2.0,4.0,4.0,3.0,1.0,3.0,5.0,3.0,2.0,2.0,網路聲量/口碑 Word of mouth,親友推薦 Recommendations from friends,演員的知名度 Actor/actress’s reputation,5.0,1,22.0,女性 Female,台灣,大學/專科 Bachelor degree,"Dcard, Facebook, Instagram",julierose804@gmail.com,,Black
2023-05-25 11:25:17.720,是 Yes,1.0,3,1.0,5.0,1.0,1.0,4.0,4.0,1.0,1.0,5.0,5.0,5.0,4.0,原著劇情 Original story plot,演員的知名度 Actor/actress’s reputation,網路聲量/口碑 Word of mouth,5.0,4,22.0,男性 Male,台灣,大學/專科 Bachelor degree,"Dcard, Facebook, Instagram",wesley0981299295@gmail.com,,Black
2023-05-25 11:26:50.381,是 Yes,1.0,5,1.0,4.0,3.0,2.0,4.0,4.0,2.0,1.0,5.0,4.0,4.0,4.0,網路聲量/口碑 Word of mouth,親友推薦 Recommendations from friends,原著劇情 Original story plot,5.0,5,22.0,女性 Female,台灣,大學/專科 Bachelor degree,"Dcard, Facebook, Instagram",julie7514222@yahoo.com.tw,,Black
2023-05-25 13:01:19.532,是 Yes,1.0,4,1.0,5.0,1.0,1.0,3.0,4.0,4.0,1.0,3.0,4.0,4.0,4.0,原著卡通的還原度 How matches with the original cartoon,原著劇情 Original story plot,網路聲量/口碑 Word of mouth,4.0,1,19.0,女性 Female,taiwan,大學/專科 Bachelor degree,"Facebook, Instagram, TikTok",karry60220@gmail.com,,Black
2023-05-25 13:03:50.461,是 Yes,1.0,-1,1.0,3.0,1.0,1.0,5.0,3.0,3.0,2.0,1.0,1.0,1.0,1.0,原著卡通的還原度 How matches with the original cartoon,網路聲量/口碑 Word of mouth,演員的美貌 Actor/actress’s beauty,4.0,3,18.0,女性 Female,台灣,大學/專科 Bachelor degree,"Facebook, Instagram",jane99108@gmail.com ,祝順利畢業啦！,Black
2023-05-25 13:06:24.460,是 Yes,1.0,5,1.0,5.0,3.0,3.0,5.0,4.0,4.0,1.0,5.0,5.0,5.0,5.0,原著卡通的還原度 How matches with the original cartoon,原著劇情 Original story plot,網路聲量/口碑 Word of mouth,4.0,3,19.0,女性 Female,美國,大學/專科 Bachelor degree,"Twitter, Dcard, Facebook, Instagram",111103015@nccu.edu.tw,我會很願意去看這部真人版電影，但前提是希望迪士尼不要毀原著、童年，他們明明可以創造多樣性的角色，卻選擇改變現有的，黑人並沒有比較喜歡這項決定，因為小美人魚也是他們的童年，迪士尼唯一得到的或許只剩流量。,Black
2023-05-25 13:16:24.891,是 Yes,1.0,1,1.0,4.0,2.0,2.0,4.0,1.0,2.0,4.0,3.0,2.0,2.0,2.0,原著卡通的還原度 How matches with the original cartoon,演員的天賦（如：唱歌）Actor/actress’s talent(e.g. singing),網路聲量/口碑 Word of mouth,3.0,-1,20.0,男性 Male,台灣,大學/專科 Bachelor degree,"Facebook, Instagram",110206019@nccu.edu.tw,,Black
2023-05-25 13:28:36.431,是 Yes,1.0,5,1.0,5.0,1.0,3.0,5.0,2.0,1.0,2.0,4.0,2.0,2.0,2.0,原著劇情 Original story plot,演員的天賦（如：唱歌）Actor/actress’s talent(e.g. singing),原著卡通的還原度 How matches with the original cartoon,3.0,4,20.0,女性 Female,台灣,大學/專科 Bachelor degree,"Dcard, Instagram",110601071@g.nccu.edu.tw,,Black
2023-05-25 14:00:20.174,是 Yes,1.0,-1,1.0,5.0,3.0,2.0,5.0,3.0,3.0,2.0,4.0,4.0,3.0,3.0,演員的美貌 Actor/actress’s beauty,演員的天賦（如：唱歌）Actor/actress’s talent(e.g. singing),原著劇情 Original story plot,3.0,2,19.0,女性 Female,臺灣,大學/專科 Bachelor degree,"Twitter, PTT, Facebook, Instagram",111405147@g.nccu.edu.tw,,Black
2023-05-25 14:21:27.181,是 Yes,1.0,-4,1.0,5.0,1.0,1.0,3.0,3.0,4.0,1.0,2.0,2.0,2.0,2.0,網路聲量/口碑 Word of mouth,親友推薦 Recommendations from friends,演員的天賦（如：唱歌）Actor/actress’s talent(e.g. singing),4.0,-4,30.0,女性 Female,台灣,大學/專科 Bachelor degree,Facebook,anita09200@gmail.com,,Black
2023-05-25 14:31:40.056,是 Yes,1.0,2,1.0,3.0,2.0,3.0,5.0,2.0,4.0,1.0,2.0,3.0,3.0,3.0,演員的天賦（如：唱歌）Actor/actress’s talent(e.g. singing),原著劇情 Original story plot,親友推薦 Recommendations from friends,3.0,2,21.0,女性 Female,台灣,大學/專科 Bachelor degree,"Dcard, Facebook, Instagram",debby10419@gmail.com,,Black
2023-05-25 14:35:36.984,是 Yes,1.0,1,1.0,4.0,2.0,2.0,5.0,1.0,1.0,5.0,4.0,1.0,1.0,1.0,原著卡通的還原度 How matches with the original cartoon,演員的美貌 Actor/actress’s beauty,演員的天賦（如：唱歌）Actor/actress’s talent(e.g. singing),2.0,-3,20.0,女性 Female,台灣,大學/專科 Bachelor degree,"Dcard, Facebook, Instagram",03_woofers_fibulae@icloud.com,,Black
2023-05-25 14:54:42.369,是 Yes,1.0,-4,1.0,4.0,3.0,5.0,5.0,5.0,1.0,4.0,4.0,2.0,1.0,1.0,演員的知名度 Actor/actress’s reputation,演員的美貌 Actor/actress’s beauty,原著卡通的還原度 How matches with the original cartoon,4.0,-4,21.0,女性 Female,中華民國,高中 High school,"Dcard, Facebook, Instagram",melody910223@gmail.com,,Black
2023-05-25 15:05:11.192,是 Yes,1.0,4,1.0,4.0,3.0,2.0,5.0,3.0,2.0,3.0,3.0,2.0,2.0,2.0,原著卡通的還原度 How matches with the original cartoon,原著劇情 Original story plot,演員的天賦（如：唱歌）Actor/actress’s talent(e.g. singing),2.0,2,22.0,女性 Female,馬來西亞,大學/專科 Bachelor degree,"Facebook, Instagram",109305004@g.nccu.edu.tw,,Black
2023-05-25 15:22:35.729,是 Yes,1.0,-5,1.0,1.0,5.0,5.0,5.0,1.0,4.0,1.0,5.0,5.0,5.0,5.0,演員的美貌 Actor/actress’s beauty,演員的膚色 Actor/actress’s skin color,原著劇情 Original story plot,1.0,-5,19.0,男性 Male,台灣,大學/專科 Bachelor degree,Dcard,990057zj@gmail.com ,沒有,Black
2023-05-25 15:57:31.522,是 Yes,1.0,2,1.0,4.0,2.0,2.0,3.0,3.0,4.0,2.0,3.0,4.0,4.0,3.0,原著卡通的還原度 How matches with the original cartoon,原著劇情 Original story plot,網路聲量/口碑 Word of mouth,4.0,1,33.0,女性 Female,Taiwan,研究所及以上 Master degree or above,"PTT, Facebook, Instagram",hipapan@gmail.com,,Black
2023-05-25 16:09:50.489,是 Yes,1.0,-5,1.0,2.0,2.0,2.0,5.0,2.0,5.0,1.0,2.0,2.0,2.0,2.0,原著卡通的還原度 How matches with the original cartoon,演員的美貌 Actor/actress’s beauty,演員的天賦（如：唱歌）Actor/actress’s talent(e.g. singing),5.0,-5,22.0,女性 Female,台灣,大學/專科 Bachelor degree,Instagram,hendia0508@gmail.com,,Black
2023-05-25 18:03:17.537,是 Yes,1.0,-5,1.0,3.0,3.0,3.0,5.0,3.0,4.0,1.0,3.0,3.0,3.0,3.0,網路聲量/口碑 Word of mouth,親友推薦 Recommendations from friends,原著劇情 Original story plot,5.0,-1,19.0,女性 Female,台灣,高中 High school,"Reddit, Twitter, Dcard, PTT, Facebook, Instagram",111306005@g.nccu.edu.tw,,Black
2023-05-25 18:24:22.809,是 Yes,1.0,2,1.0,4.0,2.0,2.0,5.0,3.0,4.0,1.0,5.0,4.0,4.0,5.0,原著劇情 Original story plot,原著卡通的還原度 How matches with the original cartoon,演員的美貌 Actor/actress’s beauty,4.0,-2,19.0,女性 Female,臺灣,大學/專科 Bachelor degree,"Twitter, Dcard, Facebook, Instagram",111204016@g.nccu.edu.tw,我覺得問卷的引導問題跟選項都很具體！不會讓我有填答上的困難。,Black
2023-05-25 20:24:25.913,是 Yes,1.0,-1,1.0,3.0,2.0,4.0,5.0,2.0,4.0,1.0,3.0,5.0,5.0,3.0,原著卡通的還原度 How matches with the original cartoon,演員的天賦（如：唱歌）Actor/actress’s talent(e.g. singing),演員的美貌 Actor/actress’s beauty,3.0,-1,20.0,女性 Female,台灣,大學/專科 Bachelor degree,Facebook,annie.su.smile@gmail.com,,Black
2023-05-25 20:27:47.007,是 Yes,1.0,2,1.0,3.0,3.0,3.0,3.0,3.0,3.0,3.0,3.0,3.0,3.0,3.0,原著卡通的還原度 How matches with the original cartoon,演員的天賦（如：唱歌）Actor/actress’s talent(e.g. singing),演員的知名度 Actor/actress’s reputation,3.0,1,31.0,男性 Male,台灣,大學/專科 Bachelor degree,"Facebook, Instagram",love521sean@gmail.com,,Black
